Bezirk;BetrNr;ZulassungsNr;Betrieb;Schlachtbetrieb;Zerlegungsbetrieb;Verarbeitungbetrieb;Rinder;Schweine;Schafe/Ziegen;Farmwild;Wild;Einhufer;Gefl¸gel
WZ;2882540;60743;Otmar Ablasser, 8163 Fladnitz a.d.T.,Schrems 10;x;;;x;x;x;x;;;
GU;2882698;61174;Roswitha Ableitner, 8061 St. Radegund,Diepoldsberger Stra·e 36;x;;;x;x;;;;;
LB;2884330;60842;Dr. Reinhard Schwarz, 8453 St. Johann i. S.,Eichberg 85;x;;;;x;x;x;;;
FB;2884577;60674;Ewald und Irmgard Obenauf, 8323 St. Marein bei Graz,Schwarten 109;x;;;;x;;;;;
GB;2886456;60796;" Steiner ""Moaralm"" Gmbh, 8967 Haus,Petersberg 18";x;;;x;x;x;x;;;
GU;2888190;60693;Josef Aichinger, 8151 Hitzendorf,Attendorf 9;x;;;x;x;;;;;
MT;2888751;60480;Peter Albrecht, 8715 St. Lorenzen bei Knittelfeld,St. Benedikten 5;x;;;x;x;;;;;
LB;2888955;61201;Juliana Aldrian, 8444 St. AndrÑ im Sausal,Sausal 38;x;;;x;x;;;;;
LB;2889161;60695;Annemarie Stelzer, 8442 Kitzeck i. S.,Greith 18;x;;;;x;;;;;
LB;2891719;60618;Maria Gruber, 8505 St. Nikolai im Sausal,Unterjahring 4;x;;;;x;;;;;
BM;2893461;60738;Brigitte und Wilhelm Fladischer, 8624 Au bei Aflenz,Hinterberg 3;x;;;x;x;x;;;;
MZ;2893720;61111;Philipp Anninger, 8665 Langenwang,Am Hînigsberg 5;x;x;;x;x;x;;;;
HB;2894696;61221;Elisabeth und Johann Arzberger, 8250 Vorau,Schachen 82;x;;;x;x;;;;;
MU;2896087;60938;Klaus Auer, 8853 Ranten,Ranten 14;x;;;;x;x;;;;
FB;2897041;61049;Daniela Augustin, 8342 Gnas,Unterauersbach 33;x;;;;x;;;;;
MT;2898161;60435;Benno Bachler, 8800 Unzmarkt,Berndorf 8;x;;;x;x;;;;;
HB;2898501;60434;Barbara BrandstÑtter, 8244 SchÑffern,SchÑffern 11;x;;;x;x;;;;;
VO;2898608;60277;Anna Bauer, 8561 Sîding,Packerstra·e 79;x;;;;x;;;;;
GB;2899582;60331;Martin Baier, 8970 Schladming,Obere Klaus 33;x;;;x;;;;;;
LI;2904667;60950;Renate Baumann, 8904 Ardning,PÅrgschachen 12;x;;;x;;;;;;
LI;2904772;60837;Herbert Baumann, 8932 Wei·enbach an der Enns,Bichl 7;x;;;x;x;;;;;
LB;2904811;60821;Margit Baumann, 8451 Heimschuh,Oberlupitscheni 33;x;;;x;;;;;;
MT;2905582;60624;Eduard Baumgartner, 8715 Feistritz bei Knittelfeld,Bundesstra·e 27;x;;;x;x;;;;;
HB;2905957;60455;Maria Baumgartner, 8250 Vorau,Puchegg 105;x;;;x;x;;x;;;
GU;2906830;61223;Rosa Zirkl, 8302 Nestelbach,Edelsgrub 49;x;;;x;x;;;;;
LI;2908930;60491;Franz Berger, 8921 Lainbach,Mooslandl 74;x;;;x;;;;;;
LI;2909871;61121;Ingrid Wolf, 8912 Johnsbach,Johnsbach 65;x;;;x;x;;;;;
LB;2911116;60634;Thomas Bernhard, 8471 Spielfeld,Gersdorf 60;x;x;x;x;x;x;x;;;
GU;2912074;61118;Monika Beyer, 8045 Weinitzen,Rinneggerstra·e 9;x;;;x;x;x;;;;
GU;2912686;61084;Siegbert Reiss, 8063 Eggersdorf,Volkersdorferstra·e 87;x;;;;x;;;;;
VO;2913291;61117;Josef Hiebler, 8570 Voitsberg,Steinbruchweg 25;x;;;x;x;x;;;;
HB;2913739;60776;Klara und Raimund Binder, 8242 St. Lorenzen am Wechsel,Auerbach 15;x;;;x;x;;;;;
MT;2914964;60272;Anneliese und Johann Moitzi, 8724 Spielberg bei Knittelfeld,Moosheim 2;x;x;;x;x;x;;;;
FF;2915812;60312;Christa Bliemel, 8280 Altenmarkt,Altenmarkt 35;x;;;;x;;;;;
VO;2916258;60555;Maria BlÅnegger, 8151 Stallhofen,Hausdorf 60;x;;;x;;;;;;
DL;2916321;60306;Ingrid Kînig, 8544 Pîlfing-Brunn,Pitschgauegg 3;x;;;x;x;;;;;
GU;2916576;60573;Barbara und Manfred Bodlos, 8130 Frohnleiten,Pfannberg 4;x;;;x;x;x;;;;
FB;2916843;60930;Johann Bîhm, 8361 Hatzendorf,Hatzendorf 94;x;;;x;x;;;;;
MU;2917041;60619;Roman Gusterer, 8844 Schîder,Rinegg 7;x;;;x;x;;;;;
MU;2917084;60299;Irmgard und Franz Pichler, 8832 Oberwîlz,Hinteregg 57;x;;;x;x;x;;;;
VO;2917211;60605;Ewald Muralter, 8570 Voitsberg,Stallhofnerstra·e 16;x;;;x;;;;;;
MZ;2918731;60357;Johannes Brandl, 8663 Dorf Veitsch,Klein-Veitsch-Stra·e 37;x;;;x;x;;;;;
MU;2918951;60628;Wolfgang Wieser, 8841 Frojach,Frojach 7;x;x;;x;x;;;;;
DL;2921049;60473;Siegfried Breidler, 8510 Stainz,Graschuh 62;x;;;x;;;;;;
BM;2921561;60469;Rudolf Meisenbichler, 8641 St. Marein im MÅrztal,Burgstallweg 56;x;;;x;;;;;;
LI;2921570;60774;Roswitha Lackner, 8952 Irdning,Altirdning Parkgasse 3;x;;;;;;x;;;
GU;2921901;61932;Theresia und Simon Brettenthaler, 8113 St. Oswald,Stiwoll 15;x;;;x;x;;;;;
DL;2921979;60557;August Bretterklieber, 8511 St. Stefan ob Stainz,Rossegg 67;x;;;x;x;;;;;
DL;2925745;60579;Hermann Bscheider, 8443 GleinstÑtten,Hart 28;x;;;x;x;;;;;
BM;2927641;60504;Margit BÅrgstein, 8600 Bruck an der Mur,öbelstein 6;x;;;x;x;;;;;
LI;2928001;61256; LFZ Raumberg Gumpenstein, 8952 Irdning,Raumberg 38;x;x;;x;x;x;;;;
DL;2930277;61178;Martina Crepinko, 8551 Wies,Etzendorf 100;x;;;x;;;;;;
LB;2930307;60576;Angelika Pronegg, 8544 Pîlfing-Brunn,Obergreith 116;x;;;x;;;;;;
MT;2930951;60838;Melitta und Franz Damm, 8742 Obdach,Obdachegg 30;x;;;x;;;;;;
GU;2932377;61144;Roswitha und Josef Degen, 8071 HausmannstÑtten,Mitterstra·e 1;x;;;;x;;;;;
DL;2938421;60293;Ingrid Oswald, 8544 Pîlfing-Brunn,Kopreinigg 1;x;;;x;;;;;;
DL;2938731;60407;Waltraud Fink, 8524 Bad Gams,Bergegg 45;x;x;x;;;x;;;;
DL;2939266;60397;Werner Knass, 8552 Eibiswald,Aibl 42;x;;;x;x;x;;;;
WZ;2939801;60764;Gertrude und Franz Kerschenbauer, 8654 Fischbach,Fischbach 71;x;;;x;x;;;;;
LE;2940175;60468;Norbert Doppelreiter, 8774 Mautern in Steiermark,Reitingau 38;x;;;x;;;;;;
MZ;2945991;60784;Wolfgang Ebner, 8691 Kapellen,Dorfstrasse 10;x;;;x;x;;x;;;
WZ;2946891;60924;Gertrud Raith, 8616 Gasen,Sonnleitberg 20;x;x;;;;;x;;;
HB;2946947;60749;Bettina und Andreas Edelhofer, 8240 Friedberg,Ehrenschachen 47;x;;;x;x;;;;;
MZ;2948079;61093;Johann Eder, 8665 Langenwang,Feistritzberg 39;x;;;x;x;;;;;
DL;2951754;61252;Karl und Maria Luise Ziegler, 8551 Wies,Gai·eregg 87;x;;;;x;;;;;
HB;2951991;60487;Gerhard Ehrenhîfer, 8251 St. Lorenzen am Wechsel,Kîppel 31;x;;;;;;x;;;
GU;2952602;60767;Johann Eibel, 8323 St. Marein bei Graz,Kohldorf 19;x;;;x;;;;;;
FB;2953285;60419;Marianne und Alois Platzer, 8082 Kirchbach,Wei·enbach 21;x;;;x;x;x;;;;
MU;2953960;60686;Gottfried Eichhîbl, 8822 MÅhlen,Jakobsberg 4;x;;;;x;;x;;;
WZ;2954222;60348;Johann Eichtinger, 8673 Ratten,Grubbauer 50;x;;;x;x;;;;;
MZ;2956012;61245;Johann Ellmaier, 8653 Stanz im MÅrztal,Stanz 14;x;;;x;x;;;;;
GB;2958376;61930;Norbert und Hilde Erlbacher, 8972 Ramsau/D.,Leiten 80;x;;;x;x;x;;;;
LE;2959453;60703;Erhard Konrad, 8792 St. Peter ob Freienstein,Tollinggraben 56;x;;;x;x;x;;;;
GU;2961091;60734;Renate Gradwohl, 8047 Graz,Kapellenweg 3;x;;;x;;;;;;
MZ;2962080;61238;Peter Faist, 8665 Langenwang,Traibach 22;x;;;x;x;;;;;
LB;2963744;61197;Franz Fasching, 8443 GleinstÑtten,Haslach 16;x;x;;x;x;;;;;
VO;2964830;60907;Andreas Fastian, 8564 Krottendorf,Krottendorf 17;x;;;;;x;;;;
HB;2966000;61141;Alois Faustmann, 8250 Lebing,Lebing 33;x;x;;x;x;x;x;;;
GU;2967057;60359;Johannes Kumpitsch, 8302 Nestelbach,Hirtenfeld 10;x;;;;x;;;;;
BM;2968126;60489;Johann Feistl, 8625 Turnau,Thal 10;x;;;x;;;;;;
LB;2969823;61878;Otmar Felgitscher, 8081 Heiligenkreuz am Waasen,Pirchingstra·e 3;x;;;x;x;x;;;;
MT;2971861;60762;Robert Fasching, 8764 Pusterwald,Pusterwald 44;x;;;x;x;x;;;;
HB;2971968;60499;Adelheid Fiedler, 8271 Bad Waltersdorf,Leitersdorf 37;x;x;x;;x;;;;;
GB;2975203;61146;Anton Fischbacher, 8972 Ramsau am Dachstein,Leiten 78;x;;;x;x;;;;;
GB;2975220;60347; Fischbacher, Pitzer Ges.n.b.r., 8973 Pichl,Vorberg 11;x;;;x;x;;;;;
HB;2975513;61237;Erika und Martin Fischer, 8242 St. Lorenzen am Wechsel,Kronegg 27;x;;;x;x;;;;;
MZ;2977036;60726;Manfred Fladl, 8664 Gro·veitsch,Auf der Sonnleitn 1;x;;;x;x;;;;;
BM;2977044;61231;Karl Pflanzl, 8625 Turnau,StÅbming 53;x;;;x;;;;;;
VO;2980843;60699;Johann Formeier, 8580 Kîflach,Gro·wîllmi· 30;x;;;x;x;;;;;
MT;2981386;61011; Forstverwaltung Wasserberg, 8731 Gaal,Ingering II/14;;x;;;;;;x;;
G;2981955;60596;Johann Altmann, 8045 Graz,Vorderer Plattenweg 1;x;;;x;x;;;;;
MZ;2982251;62055;Christian Fraiss, 8664 Veitsch,Brunnalmstra·e 22;x;;;;;;x;;;
HB;2983435;60904;Josef KÑfer, 8225 Pîllau,Hinteregg 60;x;;;;x;;;;;
DL;2983923;60294;Josefa Freidl, 8530 Deutschlandsberg,Gressenberg 90;x;;;x;;;;;;
FB;2985110;62151;Gertrude und Erich Freissmuth, 8352 Unterlamm,Magland 62;x;;;;x;;;;;
MT;2985454;60380;Hubert Freitag, 8720 Knittelfeld,Fîtschach 7;x;x;;x;x;x;;x;;
MT;2986051;60501;Friedrich Weinke, 8756 St. Georgen ob Judenburg,St. Georgen 18;x;;;x;x;x;;;;
LI;2989395;61659;Sabine und Manfred Stauchner, 8904 Ardning,PÅrgschachen 4;x;;;x;x;;;;;
DL;2989760;61005;GÅnter Fritz, 8552 Eibiswald,Staritsch 9;x;x;;x;;;;;;
LB;2991021;60585;Michaela Frîhlich, 8403 Lebring,Schirka 12;x;;;;;x;;;;
LB;2992426;62121;Maria und Franz Kupfer, 8421 Wolfsberg i. Sch.,Wîlferberg 20;x;;;;;;x;;;
MT;2993414;61050;Dorothea und Gerold Fruhmann, 8762 Oberzeiring,Gfîllgraben 14;x;;;;x;x;;;;
HB;2993899;60916;Waltraud u. Alois Kern, 8250 Vorau,Schachen 126;x;;;x;x;x;x;;;
VO;2996553;61027;Angela Fuchs, 8584 Hirschegg,Hirschegg 207;x;;;;x;;;;;
DL;3000877;61116;Waltraud und Rudolf Gaich, 8524 Bad Gams,Sallegg 45;x;;;x;;;;;;
LB;3002560;60354;Franz Gamser, 8463 Leutschach,Glanz 61;x;;;x;x;;;;;
DL;3004171;60687;Alois Achatz, 8543 St. Martin im Sulmtal,Gasselsdorf 33;x;x;x;;x;;;;;
LI;3005160;61006;August Gassner, 8903 Lassing,Treschmitz 18;x;;;x;x;x;;;;
LB;3005674;60454;Patrick Hans Gaube, 8463 Leutschach,Schlossberg 47;x;;;x;x;;;;;
HB;3006077;60958;Gerald Gaulhofer, 8254 Wenigzell,Pittermann 11;x;;;;x;;;;;
BM;3006883;60364;Christiana Geier, 8132 Pernegg,Heitzerweg 2;x;;;;;;x;;;
MT;3010686;61215;Gabriela u. Benedikt Eberhardt, 8731 Bischoffeld,Graden 5;x;;;;x;;;;;
GB;3011232;60288;Erhard Gerhardter, 8973 Pichl,Preunegg 27;x;;;x;x;x;;;;
GB;3011259;61191;Franz Gerhardter Jun., 8970 Schladming,Maistatt 300;x;;;x;;;;;;
MT;3013146;61253;Ernst Gfîller, 8734 Kleinlobming,Hausergraben 40;x;;;x;x;;;;;
FF;3015611;60569;Alfred Glaser, 8362 Sîchau,Kohlgraben 8;x;;;;x;;;;;
HB;3015661;60482;Daniela Zengerer, 8271 Bad Waltersdorf,Leitersdorf 17;x;;;;x;;;;;
GU;3016706;61070;Anna und Andreas Glawogger, 8113 St. BartholomÑ,Jaritzberg 43;x;;;x;;;;;;
WZ;3017508;60374;Helga und Andreas Marx, 8061 St. Radegund,Plenzengreith 23;x;;;x;;;;;;
VO;3021556;60508;Manfred Gîssler, 8583 Edelschrott,Hochgî·nitz 33;x;;;x;x;;;;;
MT;3021785;60729;Josef Gîttfried, 8733 St. Marein bei Knittelfeld,Wasserleitherstra·e 13;x;;;x;x;;;;;
DL;3024164;61250;Peter Waldbauer, 8551 Wies,Etzendorf 79;x;;;x;x;;;;;
MZ;3028500;60862;Karin und Josef Zangl, 8650 Kindberg,Kindtalgraben 4;x;;;x;x;;;;;
LB;3032302;60875;Franz Schwab, 8453 St. Johann im Saggautal,Untergreith 128;x;;;x;;;;;;
DL;3032353;60920;Klemens Wabnegg, 8551 Wies,Pîrbach 6;x;x;;x;;;;;;
DL;3032361;60786;Sophie und Johann Grebien, 8551 Wies,Unterfresen 38;x;;;x;x;;;;;
MZ;3032523;60741;Siegfried Gredler, 8670 Krieglach,Malleisten 17;x;;;x;x;;;;;
BM;3032647;60745;Johann Greifensteiner, 8632 Gu·werk,Salzatal 16;x;;;;;;x;;;
WZ;3033970;60906;Sabine Greiter, 8160 Weiz,Kleinsemmering 40;x;;;;x;;;;;
GU;3034984;60607;Reinhard und Werner Schicho, 8101 Gratkorn,Dornersiedlung 4;x;;;x;x;x;;;;
VO;3035085;60711;Karin Griesser, 8152 Stallhofen,Bernau 19;x;;;x;x;;;;;
GB;3035191;62150;Erich Grieshofer, 8954 St. Martin am Grimming,Espang 16;x;;;x;x;x;;;;
BM;3035204;60413;Franz Griessl, 8630 Mariazell,Gîschlhofweg 3;x;;;x;;;;;;
DL;3035701;60986;Friedrich und Martina Gril, 8552 Eibiswald,Aichberg 23;x;;;x;x;;;;;
GU;3036316;61072;Rosa Grubbauer, 8062 Kumberg,Ebenholzstra·e 24;x;;;;x;;;;;
VO;3036553;60433;Wolfgang Reinisch, 8564 Krottendorf,Klein-Gaisfeld 8;x;;;x;;;;;;
VO;3036634;60850;Pamela Grinschgl, 8561 Sîding,Stallhofnerstra·e 30;x;;;;x;;;;;
LB;3036944;60597;Waltraud Gritsch, 8451 Heimschuh,Oberlupitscheni 36;x;;;x;;;;;;
HB;3037843;60391;Juliana und Hermann Groller, 8224 Kaindorf bei Hartberg,Maieregg 33;x;;;x;;;;;;
GU;3039277;61137;Heide-Maria GrossschÑdl, 8151 Hitzendorf,Doblegg 46;x;;;x;x;;;;;
GU;3039447;60757;Erika Weilharter, 8130 Frohnleiten,Adriach-Rabenstein 47;x;;;x;x;;;;;
MU;3040445;60685;Sigrid Miedl, 8811 Scheifling,Puchfeld 7;x;;;x;;;;;;
LI;3041433;60418;Inge Gruber, 8904 Ardning,PÅrgschachen 14;x;;;x;;;;;;
WZ;3042375;61156;Maria und Erwin Gruber, 8616 Gasen,Amassegg 5;x;;;x;;;;;;
GB;3043266;60358;Monika und Wilhelm Gruber-Greil, 8954 St. Martin am Grimming,Prenten 8;x;;;x;x;;;;;
MU;3047601;61039;Marianne GÅttersberger, 8850 Murau,Probst 19;x;;;x;;;;;;
DL;3047750;60740;Josef und Christian GÅttinger, 8521 WettmannstÑtten,WettmannstÑtten 66;x;;;x;x;x;;;;
MU;3047873;60798;Annemarie und Ernst Gugg, 8853 Ranten,Ranten 32;x;;;x;x;;;;;
DL;3048683;61663;Dorothea Gurt, 8504 Preding,Preding 80;x;x;;x;x;x;;;;
GU;3050181;60919;Johanna Gutmann, 8501 Lieboch,Kainachstra·e 21;x;;;x;x;x;;;;
DL;3050386;60897;Thomas Glanz, 8522 Gro· St. Florian,Krottendorfgleinz 2;x;;;x;x;x;;;;
GU;3053326;61247;Eveline Zottler-AumÅller, 8063 Eggersdorf,Panoramastra·e 50;x;;;;x;;;;;
FF;3055434;61213;Norbert Hackl, 8291 Burgau,Kernstockgasse 54;x;;;;x;;;;;
WZ;3058000;61065;Martin Haidenbauer, 8184 Anger,Fresen 10;x;;;;x;;;;;
LB;3059740;62019;Ferdinand Hainz, 8403 Lebring,Langaberg 34;x;;;x;x;;;;;
HB;3060942;60935;Michael Halwachs, 8233 Lafnitz,Lafnitz 24;x;;;x;;x;;;;
GU;3061965;60663;Andreas Hammer, 8054 Graz-Stra·gang,Mantscha 2;x;;;;x;;;;;
FB;3062490;61230; Pscheidl GmbH, 8350 Fehring,Johnsdorf 4;x;;;;x;x;x;;;
HB;3062783;61204;Martin Hammerl, 8250 Vorau,Kleinschlag 4;x;;;;x;;;;;
HB;3063364;60463;Rosina Handler, 8230 Hartberg,Oberlungitz 15;x;;;;x;;;;;
LB;3064387;61183;Beate Happer, 8430 Leibnitz,Grottenhof 43a;x;;;;x;;;;;
LB;3065642;60303;Josef Haring, 8430 Leibnitz,Maggastra·e 21;x;;;;;;x;;;
LB;3065766;60800;Manfred Haring, 8444 St. AndrÑ-Hîch,Reith 2;x;;;x;x;x;;;;
LB;3065804;60909;Ingrid Haring, 8451 Heimschuh,Schînegg 17;x;x;;x;x;;;;;
GU;3066312;61132;Maximilian Harrer, 8113 St. Oswald,Stiwoll 58;x;;;x;;;;;;
GU;3066363;61143;Andreas Harrer, 8163 Fladnitz/T.,Tulwitzviertel 24;x;;;x;;;;;;
GU;3066487;61153;Andrea und Gerald Harrer, 8130 Frohnleiten,Schrems 71;x;;;;;x;;;;
WZ;3066894;60554;Maria Harrer, 8162 Passail,Oberneudorf 19;x;;;x;x;;;;;
GU;3069125;61664;Johann HasenhÅttl, 8101 Gratkorn,Am Eggenberg 4;x;;;x;x;;;;;
DL;3069419;60903; Siegfried Hasewend KG, 8552 Eibiswald,Eibiswald 39;x;x;x;x;x;;;;;
BM;3069982;60865;Iris Hatler, 8623 Aflenz,Dîrflach 20;x;;;x;x;;;;;
VO;3070310;60321;Franz Jun. Hatzl, 8592 Salla,Kannesberg 24;x;;;x;;;;;;
FB;3072860;60484;Sabine Hebenstreit, 8350 Fehring,Haselbach 7;x;;;x;x;;;;;
WZ;3073203;61142;Gertrude und Johann Hechtl, 8163 Fladnitz a.d.T.,Schrems 2;x;;;x;;;;;;
BM;3074781;60403;Ing. Harald Heindl, 8605 Kapfenberg,Burgstallweg 46;x;;;x;x;x;;;;
LB;3075818;61125;Erwin Held, 8451 Heimschuh,Kranach 85;x;;;;;;x;;;
LB;3078451;60698;Maria und Ferdinand Hernach, 8463 Leutschach,Pî·nitz 1;x;;;x;x;;x;;;
GU;3080102;60804;Maria Krempl, 8163 Fladnitz an der Teichalm,Nechnitz 7;x;;;;;;x;;;
DL;3080358;60602;Peter Heusserer, 8552 St. Lorenzen,St. Lorenzen 35;x;x;;x;;;;;;
LE;3083063;60941;Bernhard Hirn, 8714 Kraubath an der Mur,Bahnhofstra·e 2;x;;;x;x;;;;;
BM;3084485;60877;Karl Hirschmanner, 8614 Breitenau am Hochlantsch,Zintonergraben 15;x;;;;;;x;;;
HB;3085015;62130;Franz und Christine Hirt, 8224 Untertiefenbach,Untertiefenbach 22;x;;;;x;;;;;
HB;3086020;60522;Maria Hierzer, 8225 Schînegg bei Pîllau,Schînau 8;x;x;;;x;x;;;;
HB;3087000;61257;Angela Hochhold, 8274 Buch bei Hartberg,Buchberg 129;x;;;;x;;;;;
MZ;3087379;60558;Renate Hochreiter, 8643 Allerheiligen im MÅrztal,Wieden 19;x;;;x;x;x;;;;
LB;3089665;61177;Paula Hîfer, 8505 St. Nikolai im Sausal,Mitteregg 20;x;;;;x;;;;;
GU;3091155;60816;Monika Schellnegger, 8163 Fladnitz an der Teichalm,Tulwitzviertel 44;x;;;;x;x;x;;;
MU;3091414;62177;Gertraud Hîggerl, 8843 St. Peter am Kammersberg,Mitterdorf 10;x;;;x;x;x;;;;
MZ;3093425;60658;Barbara Hîrler, 8650 Kindberg,Herzogberg 21;x;;;x;x;;;;;
LB;3093441;60969;Erika und Rudolf Sunko, 8403 Lebring,Schirka 11;x;;;x;x;;;;;
GU;3093565;60438;Ing. Magnus Hîrmann, 8121 Deutschfeistritz,Eichbergstra·e 23;x;;;;;x;;;;
LB;3093573;62011;Hans Christian Hîrmann, 8443 GleinstÑtten,Fantsch 6;x;;;;;;x;;;
VO;3094723;61131;Christine Berchtold, 8570 Voitsberg,Lobmingstra·e 32;x;;;x;;;;;;
GB;3096394;61041;Franz Hofer, 8961 Stein an der Enns,Reith 21;x;;;x;x;;;;;
HB;3096793;62129;Johann Hofer, 8254 Wenigzell,Sichart 37;x;;;x;x;;;;;
LI;3096858;60572;Maria und Christoph Hofer, 8967 Haus,Ruperting 17;x;;;x;x;x;;;;
HB;3098940;60578;Reinhard Salchinger, 8223 Stubenberg am See,Vockenberg 62;x;;;x;x;x;x;;;
HB;3099164;60778;Eduard und Marlies Schnur, 8252 Mînichwald,Schmiedviertel 38;x;;;x;;;;;;
VO;3099903;61670;Josef Laggner, 8583 Edelschrott,Unterer Herzogberg 200;x;;;x;x;x;;;;
BM;3101401;60625;Karl Hollerer, 8630 Mariazell,Bundesstra·e 53;x;;;x;;;;;;
DL;3104273;60442;Martin Horvath, 8530 Deutschlandsberg,Kloster 20;x;;;;x;;x;;;
FB;3105148;60503;Brigitte Hebenstreit, 8352 Unterlamm,Oberlamm 31;x;;;;x;;;;;
HB;3284051;61046;Michaela und Klaus Schweighofer, 8230 Hartberg,Mitterdombach 25;x;;;;x;;;;;
LB;3284182;62021;Christian Oswald, 8454 Arnfels,Eichberg-Trautenburg 80;x;;;x;;;;;;
VO;3284654;60355;Kunigunde und Johann Oswald, 8152 Stallhofen,Steinbruchweg 5A;x;;;;x;;x;;;
LB;3285758;61157;Maria Paar, 8423 St. Veit am Vogau,Wagendorferstra·e 51;x;;;;x;;;;;
HB;3285774;60758;Gerlinde Handler, 8230 Hartberg,Wolfgrub 7;x;;;;x;;;;;
GU;3286088;60869;Irmgard und Walter Paar, 8045 Graz-Weinitzen,Eisenbergerweg 23;x;;;;;;x;;;
VO;3286312;60884;Hubert Pabst, 8591 Gî·nitz,Niedergî·nitz 26;x;;;x;x;;;;;
LI;3286487;60623;Renate Pacher, 8940 Liezen,Reitthal 27a;x;;;x;;;;;;
FB;3287025;60883;Karin Satzer, 8344 Bad Gleichenberg,Bairisch-Kîlldorf 69;x;;;;x;;;;;
DL;3290271;60593;Bernhard Pansy, 8523 Frauental,Zeierlingerstra·e 6a;x;;;x;;;;;;
GU;3290433;60998;Sigibert Panzer, 8144 Haselsdorf-Tobelbad,Hitzendorferstra·e 210;x;;;;x;;;;;
FB;3290981;60882;Hermann Papst, 8322 Studenzen,Mitterfladnitz 39;x;x;;;;;x;x;;
RA;3292070;60923;Marianne und Erwin Patz, 8093 St. Peter am Ottersbach,Edla 21;x;;;;x;;;;;
DL;3294056;60770;Karl Payer, 8530 Deutschlandsberg,Hohlbach 23;x;;;;;;x;;;
LI;3294986;62164;Daniel Peer, 8940 Wei·enbach bei Liezen,Schwoagagasse 12;x;;;x;x;;;;;
GB;3295133;61036;Gerd Puschnik, 8966 Aich-Assach,Langtrum 49;x;;;;;x;;;;
GU;3297896;60492;Elisabeth und Karl Pentscher, 8151 Attendorf,Attendorf 4;x;;;;x;;;;;
WZ;3298221;60392;Andreas Perhofer, 8190 Birkfeld,Waisenegg 54;x;;;x;x;;;;;
MZ;3299392;60565;Herwig Pernhofer, 8653 Stanz,Retsch 2;x;;;x;;;x;;;
DL;C004832;61980; Alois Kîhrer Gmbh, 8522 Gro· St. Florian,Florianerstra·e 46;;x;;x;x;x;;;;
GU;C004841;61976;Ferdinand Foggenberger, 8141 UnterpremstÑtten,Am Damm 9;;;;x;x;x;;;;
GU;C004859;61991; Josef Reiner GmbH & Co KG, Steirische Manufaktur fÅr Feinschmecker, 8055 Graz,Triesterstra·e 464;;x;x;x;x;;;;;
FB;C004867;61984; Vulcano Fleischwarenmanufaktur Gmbh & Co KG, 8330 Feldbach,Auersbach 130;;x;x;;x;;;;;
DL;C004875;61981; Messner Produktions GmbH & Co KG, 8510 Stainz,Hauptplatz 21;;x;x;x;x;;;;;
FB;C006444;61933; H. Loidl, Wurstproduktions- und Vertriebs Gmbh & Co KG, 8083 St. Stefan im Rosental,Mureckerstra·e 1;;x;x;x;x;;x;x;;
DL;C007751;62009;Franz MÅnzer, 8530 Deutschlandsberg,TrahÅtten 1;x;x;;;;;x;;;
HB;C007793;62033; Schirnhofer Ges.m.b.h., 8224 Kaindorf bei Hartberg,Kaindorf 86;;;;x;x;x;;;;
GU;C007807;62034; Karnerta GmbH, 8071 Gîssendorf,Golfstra·e 9;;;;x;x;x;x;x;;
G;C008048;62035;Norbert Baur, 8020 Graz,Lagergasse 158;;;;x;x;;;;;
GU;C008200;62051; Ulrike Reistenhofer Gesellschaft m.b.H, 8103 Rein,Tallak 163;;x;x;x;x;;x;;;
RA;C009184;62054; HR Trading GmbH, 8345 Straden,NÑgelsdorf 7;;;;;x;x;;;;
RA;C052829;62179; Scharfy Gesmbh & Co KG, 8345 Straden,Straden 23;;x;x;x;x;;;;;
VO;C057057;62193; Draxler GeflÅgel-Wild Gmbh, 8562 Mooskirchen,Kainachstra·e 4;x;;;;;;x;x;;
VO;C367510;62251;Werner StÅckler, 8580 Kîflach,Alois-Gei·ler-Stra·e 100;;;;;;;;x;;
BM;C785800;62252; PÅtÅn Handels- u. Gastronomie GmbH, 8632 Gu·werk,Hauptstra·e 30;;;x;x;;x;;;;
GU;E053946;62159; Nagel Austria Gmbh, Internationale Lebensmittelspedition, 8141 Zettling,Sternweg 1;;;;x;x;x;x;;;
MZ;E276694;62173;Hubert Hofbauer, 8650 Kindberg,Stanzer Stra·e 34;x;;;x;x;x;;;;
GU;E418901;60870; Hîfler OG, 8102 Semriach,Markt 26;x;;;x;x;x;x;;;
FB;E450228;61881; Johann Kicker, GeflÅgel und Wild GmbH & Co KG, 8322 Studenzen,Studenzen 56;;x;x;;;;;;;x
LB;3106705;60642;Anita Hubmann, 8412 Allerheiligen bei Wildon,Allerheiligen 28;x;;;;x;;;;;
MT;3107493;60401;Stefan HÅbler, 8715 St. Lorenzen bei Knittelfeld,Gottsbach 4;x;;;x;x;;;;;
GU;3108228;61202;Hubert HÅtter, 8062 Kumberg,Hirtenfeldbergstra·e 17;x;;;x;;;;;;
GU;3108406;60450;Josef und Anna HÅtter, 8075 Hart bei Graz,Rupertistra·e 76;x;;;;x;;;;;
LE;3109518;60885;Gerald Hussauf, 8781 Wald am Schoberpa·,Liesing 5;x;;;x;x;;;;;
GB;3109607;60807;Gerhild und Heinz Hutegger, 8971 Rohrmoos/Untertal,Rohrmoos-SÅdweg 41;x;;;x;x;x;;;;
LI;3110575;60488;Alfred Peer, 8951 Trautenfels,Niederstuttern 23;x;;;x;x;;;;;
MU;3111482;61047;Gabriele Irrasch, 8861 St. Georgen,Am Muranger 22;x;;;x;x;x;;;;
MT;3113507;60313;Helmut Jandl, 8724 Spielberg,öberfuhrweg 1;x;;;;x;;;;;
FF;3113680;60763;Werner Thurner, 8282 Loipersdorf,Stein 6;x;;;;x;;;;;
VO;3114791;60390;Johann Jantscher, 8153 Geistthal,Kleinalpe 13;x;;;x;;;;;;
GU;3115771;60556;Andrea Jauk, 8124 öbelbach,Neuhof 97;x;;;;;;x;;;
LB;3116140;61210;Alois Strohriegl, 8452 Gro·klein,Nestelbach 5;x;;;x;;;;;;
GU;3116387;60825;Emmerich Jauschnig, 8124 öbelbach,Alter Markt 39;x;x;x;x;x;x;;;;
HB;3116727;61090;Maria Jeitler, 8232 Grafendorf,Reibersdorf 2;x;;;;x;;;;;
WZ;3121984;60791;Marianne und Walter Kaindlbauer, 8654 Fischbach,Vîllegg 50;x;;;x;;;;;;
LB;3122930;62013;Brigitte und Josef Kainz, 8423 St. Veit a. V.,Neutersdorferstra·e 30;x;;;;x;;;;;
GU;3122972;60353;Sebastian Kainz, 8130 Frohnleiten,Gams 42;x;;;;;;x;;;
WZ;3123448;60880;Roswitha Hadolt, 8321 St. Margarethen an der Raab,Entschendorf 68;x;;;x;x;x;;;;
GU;3123618;60839;Andreas Kainz, 8062 Kumberg,Wollsdorfstra·e 19;x;;;;x;;;;;
MZ;3125491;60440;Anna und August Kaltenbrunner, 8653 Stanz,Sonnberg 57;x;;;;x;;;;;
MT;3125751;61931;Josef-Markus Kaltenegger, 8741 Wei·kirchen,Krottenhofweg 1;x;;;x;x;x;;;;
GU;3126714;61668;Karl Kamper, 8323 St. Marein/Graz,PrÅfing 33;x;;;x;;;;;;
MZ;3126889;61139;Hubert und Maria Kamsker, 8661 Wartberg im MÅrztal,Aichberg 3;x;;;x;x;;;;;
HB;3127206;61163;Andreas Ebner, 8225 Pîllau,Zeil 84;x;;;x;x;;x;;;
LB;3127389;60340;Gerlinde Zirngast, 8452 Gro·klein,Oberfahrenbach 78;x;;;x;x;;;;;
MT;3128814;61224;Margit Kargl, 8732 Seckau,Sonnwenddorf 19;x;;;x;x;x;x;;;
GU;3129497;61056;Manfred Karner-Friedrich, 8063 Hart-Purgstall,Greithgrabenstra·e 32;x;;;x;x;;;;;
WZ;3129683;61127;Christel Karner, 8321 St. Margarethen an der Raab,Takern II/29;x;;;x;;;;;;
GU;3131165;60952;Karin Katzbeck, 8143 Dobl,Bergstra·e 12;x;;;x;x;;;;;
LE;3132579;61045;Monika Margaretha Kaufmann, 8794 Vordernberg,Hauptstra·e 160;x;;;;;;x;;;
GU;3133419;60697;Elsa Kefer, 8071 HausmannstÑtten,Dorfstra·e 1;x;;;;x;;;;;
LB;3137694;60517;Josef und Maria Kicker, 8430 Leitring,Hofweg 13;x;;;;x;;;;;
DL;3138399;60999;Bernhard Graf, 8541 Schwanberg,Rettenbach 24;x;;;x;x;x;;;;
DL;3138526;60274;Peter Smolana, 8530 Deutschlandsberg,Rostock 15;x;;;x;;;;;;
DL;3138542;60381;Elfriede Soinegg, 8530 Deutschlandsberg,Rostock 28;x;;;x;;;;;;
GU;3138607;60441;Anton Kielhauser, 8301 La·nitzhîhe,RastbÅhel 1;x;;;x;x;;;;;
VO;3139280;60653;Karl Kiendler, 8573 Kainach,Hemmerberg 42;x;;;x;x;;;;;
GB;3139409;61095;Franz Leitgab, 8961 Stein an der Enns,Gro·sîlk 14;x;;;x;x;;;;;
DL;3139816;60496;Johann Kienzer, 8530 Deutschlandsberg,Rostock 21;x;;;x;;;;;;
DL;3142957;60346;Wolfgang Klampfer, 8522 Gro· St. Florian,Schlossstra·e 23;x;;;x;;;;;;
GU;3143201;60772;Daniel Zagler, 8501 Lieboch,Steinerstra·e 15;x;;;x;x;;;;;
MT;3144011;60766;Josef Kleemaier, 8750 Judenburg,Reifling 18;x;;;x;x;x;;;;
MT;3144046;61189;Bernhard Kleemair, 8732 Seckau,Neuhofen 19;x;;;x;x;;;;;
DL;3145107;60519;Josef Kleinhapl, 8524 Bad Gams,Feldbaum 51;x;;;x;;;;;;
GU;3145239;60679;Walter Kleinhappl, 8062 Kumberg,Jassingstra·e 8;x;;;;x;;;;;
MU;3147649;60867;Margret KlÅnsner, 8842 Katsch an der Mur,Laasen 52;x;;;x;x;;;;;
DL;3147983;62132;Maria Klug, 8524 Bad Gams,Sallegg 54;x;;;x;x;x;x;;;
MZ;3148751;60544;Gerhard Knabl, 8670 Krieglach,Massing 28;x;;;x;x;x;;;;
MU;3149064;60683;Johannes Knapp, 8844 Schîder,Rinegg 31;x;;;x;;;;;;
LI;3150097;62174;Gerhard Knaus, 8972 Ramsau,Vorberg 5;x;;;x;;;;;;
GB;3150259;61029;Reinhard und Thomas Knaus, 8971 Rohrmoos-Untertal,Planaistra·e 29;x;;;x;;;;;;
GB;3150496;60617;Siegmund Knauss, 8970 Schladming,Obere Klaus 55;x;x;x;x;x;x;x;;;
DL;3153860;60537;Thomas Koch, 8542 St. Peter im Sulmtal,Korbin 5;x;;;;x;;;;;
DL;3154831;61241;Stefanie und Anton Koch, 8541 Schwanberg,Gressenberg 13;x;;;;;;x;;;
GU;3158926;60270;Maria Kînig, 8112 Gratwein,Meierhof 22;x;;;x;x;;;;;
MU;3159060;61073;Gottfried Kînig, 8820 Neumarkt in Steiermark,Kulm am Zirbitz 30;x;;;x;x;;;;;
BM;3159612;60678;Helga und Franz Sonnleitner, 8605 Kapfenberg,Pogierweg 2;x;;;x;;;;;;
LE;3160220;60810;Hermann und Dorothea Kîppl, 8774 Mautern in Steiermark,Grazerberg 13;x;;;x;;;;;;
MT;3161773;60970;Ilse Kogler, 8755 St. Peter ob Judenburg,Mîschitzgraben 27;x;;;x;x;x;;;;
MT;3161820;60988;Peter Kogler, 8763 Mîderbrugg,Altmann 7;x;;;x;x;x;;;;
GU;3162966;60575;Andreas Eberl, 8302 Nestelbach,Schemmerlhîhe 39;x;;;x;x;;x;;;
WZ;3163148;60684;Hildegard KohlfÅrst, 8211 Gro·pesendorf,Kalch 39;x;;;x;x;;;;;
MZ;3163580;60377;Norbert Kohlhuber, 8653 Stanz im MÅrztal,Brandstatt 21;x;;;x;x;;;;;
BM;3163644;60636;Gerhard Kohlhuber, 8612 Tragî·-Oberort,Schattenberg 34;x;;;x;;;;;;
LB;3164187;60987;Willibald Reiterer, 8453 St. Johann im Saggautal,Eichberg 70;x;;;x;;;;;;
GU;3165396;62163;Martina und Hannes Kollegger, 8151 Hitzendorf,Rohrbach 40;x;;;x;x;;;;;
VO;3168123;60396;Gabriele Liebmann, 8583 Edelschrott,Pack 6;x;;;x;;;;;;
FB;3169634;62026;Josef Konrad, 8342 Gnas,Thien 30;x;;;;;;x;;;
FB;3169871;61226;Karl und Daniela Wonisch, 8341 Paldau,Reith 1;x;;;;x;;;;;
GU;3170195;60326;Markus Konrad, 8501 Lieboch,Kainachstra·e 55;x;;;x;x;x;;;;
VO;3170934;61219;Anneliese Krammer, 8580 St. Martin am Wîllmi·berg,Gro·wîllmi· 34;x;;;x;;;;;;
FB;3171256;60735;Franz Lamprecht, 8354 St. Anna am Aigen,Sichauf 52;x;;;;x;;;;;
LB;3172139;60527;Manuela Korp, 8444 St. AndrÑ-Hîch,St. AndrÑ 19;x;;;x;;;;;;
HB;3173143;61068;Ing. Franz Karl Kottulinsky, 8292 Neudau,Neudau 1;x;;;;;;x;;;
BM;3174174;61193;Maria Kraft, 8630 Mariazell,Poldlbauerweg 4;x;;;x;;x;;;;
VO;3175715;62224;Elfriede Krammer, 8591 Maria Lankowitz,Niedergî·nitz 11;x;;;;;;x;;;
LB;3175804;60846;Thomas Krampl, 8463 Leutschach,Gro·walz 30;x;x;;x;;;;;;
LB;3176169;61150;Marianne Ledam, 8453 St. Johann im Saggautal,Eichberg-Trautenburg 51;x;;;x;;;;;;
DL;3176215;60866;Josef Kraner, 8551 Wies,Haselweberweg 9;x;;;x;;;;;;
BM;3176606;60337;Karl und Marianne Kraschitzer, 8600 Bruck an der Mur,Streitgarn 12;x;;;x;x;;;;;
WZ;3178293;61233;Gerhard Krautwaschl, 8321 St. Margarethen an der Raab,Sulz 8;x;;;;;x;;;;
WZ;3179087;61234;JÅrgen und Andreas Streilhofer, 8184 Anger,Fresen 5;x;;;;x;;;;;
DL;3181502;61058;GÅnther Reinbacher, 8510 Stainz,Stallhof 10;x;;;;x;;;;;
LI;3182860;60710;Elisabeth u. Herbert Kreutzer, 8953 Donnersbach,Erlsberg 20;x;;;x;;;;;;
GU;3183335;60813;Reinhard Krickler, 8302 Nestelbach bei Graz,Nestelbachberg 50;x;;;x;x;;;;;
DL;3183564;60282;Gottfried Kriegel, 8524 Bad Gams,Greim 34;x;;;x;x;x;;;;
WZ;3186431;61158;Helene Kînighofer, 8672 St. Kathrein am Hauenstein,St. Kathrein 61;x;;;x;x;x;;;;
BM;3186709;60756;Franz Kroisenbrunner, 8641 St. Marein i. MÅrztal,Graschnitzgraben 10;x;;;x;;;;;;
LI;3187187;60275;Josef Kronsteiner, 8923 Palfau,Palfau 11;x;;;x;;;x;;;
DL;3187241;62178;Marcel Kropf, 8504 Preding,Preding 42;x;x;x;x;x;x;;;;
DL;3188744;60343;Hubert KÅhweider, 8510 Stainz,Graschuh 26;x;;;x;;;;;;
WZ;3189317;61205;Peter Kulmer, 8183 Floing,Lebing 26;x;;;;;;;;;x
BM;3190013;60992;Anneliese Windhaber, 8614 Breitenau am Hochlantsch,Sonnleiten 20;x;;;;;x;x;;;
HB;3190331;60814;Gerhard Kummer, 8234 Rohrbach an der Lafnitz,Lebing 11;x;;;x;x;;;;;
GU;3192741;60412;JÅrgen Laban, 8102 Semriach,Taschenstra·e 24;x;;;;;;x;;;
VO;3192822;60939;Karl Labler, 8591 Maria Lankowitz,Kemetberg 46;x;;;x;;;;;;
VO;3193306;60961;Peter Lackner, 8570 Voitsberg,Lacknergasse 27;x;;;x;;;;;;
MZ;3193624;61661;Franz Lackner, 8650 Kindberg,Mîstlinggraben 6;x;;;x;x;x;;;;
GU;3193799;60680;Heinrich Lackner, 8073 Feldkirchen,Triester Stra·e 3;x;;;x;x;;;;;
GU;3194655;61040; Peier KEG, 8151 Hitzendorf,Holzberg 11;x;;;;x;;;;;
DL;3195007;62001;Johanna Ladinek, 8552 Eibiswald,Stammeregg 23a;x;x;;x;x;x;x;;;
WZ;3197107;60911;Erwin Schemmerl, 8212 Pischelsdorf,Gersdorf 61;x;;;;x;;;;;
FB;3197646;62010;Gertrud und Alois Lamprecht, 8330 Feldbach,Pertlstein 82;x;;;;x;;;;;
LI;3198634;60427;Land- und forstwirtschaftliche Fachschule Grabnerhof, 8911 Admont,Hall 225;x;;;x;x;x;;;;
GU;3198642;60681;Otto Landgraf, 8063 Hart-Purgstall,Harter Stra·e 74;x;;;;x;;;;;
FB;3198901;60474;LFS Hatzendorf, 8361 Hatzendorf,Hatzendorf 110;x;;;x;x;;;;;
BM;3198936;60539;Landwirtschaftliche Fachschule Hafendorf, 8605 Kapfenberg,Tîllergraben 7;x;;;x;x;;;;;
HB;3198952;60888;LFS Kirchberg, 8232 Grafendorf bei Hartberg,Erdwegen 1;x;;;x;x;x;;;;
LB;3200361;60566;Helga Lappi, 8462 Gamlitz,Grubtal 84;x;;;x;x;;;;;
VO;3200914;60676;Karl Langmann, 8583 Edelschrott,Edelschrott 554;x;;;x;x;;;;;
VO;3200990;60373;Gerhard Langmann, 8565 St. Johann,Moosing 5a;x;;;x;;;;;;
DL;3201155;60369;Werner Langreiter, 8510 Stainz,Grafendorf 5;x;;;x;x;;;;;
MU;3201198;60599;Wilhelm Lankmair, 8852 Stolzalpe,Stolzalpe 20;x;;;;x;;;;;
LB;3201716;60426;Claudia Lanzl, 8463 Leutschach,Kranach 3;x;;;x;x;x;;;;
BM;3202135;60598;Monika Lasinger, 8632 Gu·werk,Fallenstein 1;x;;;x;;;;;;
GU;3202828;60604; LFS Grottenhof-Hardt, 8052 Graz,Hardter Stra·e 27;x;;;x;x;x;;;;
BM;3204570;60444;Kurt Lechner, 8642 St. Lorenzen im MÅrztal,Herrenbergweg 40;x;;;x;x;;;;;
BM;3207072;60584;Gertrude und Franz Leichtfried, 8600 Bruck an der Mur,Pischkberg 35;x;;;x;;;;;;
DL;3208907;61018;Hubert Leitinger, 8530 Deutschlandsberg,Leibenfelderstra·e 29;x;;;x;x;x;;;;
DL;3208923;60858;Johann Leitinger, 8530 Deutschlandsberg,Unterer Steinwandweg 12;x;;;;x;;;;;
MU;3210995;61129;Michaela Lîcker, 8812 Mariahof,Am Kalkberg 7;x;;;x;x;;;;;
MT;3211428;60571;Johanna Leitner, 8756 St. Georgen ob Judenburg,Lasenberg 45;x;;;x;x;x;;;;
GB;3211932;60718;Norbert Lemmerer, 8960 ôblarn,Mitterberg 21;x;;;x;x;;;;;
WZ;3215831;61186;Hans Peter Lichtenegger, 8184 Anger,Fresen 1;x;;;;x;;;;;
GU;3216179;61167;Friedrich Lieb, 8063 Eggersdorf,Humlegg 20;x;;;;x;;;;;
MT;3217213;60525;Peter Liebminger, 8741 Wei·kirchen,Allersdorf 9;x;;;;x;x;;;;
LB;3219208;61171;Franz Lindner, 8411 Hengsberg,Schrîtten 24;x;x;;;x;;;;;
DL;3220052;62168;Dominik Lipp, 8544 Pîlfing-Brunn,Pitschgauegg 20;x;;;x;x;;;;;
HB;3225453;60506;Margareta Lueger, 8255 St. Jakob im Walde,Kirchenviertel 42;x;;;x;x;x;x;;;
DL;3226352;60509;Karl Lukas, 8552 Aichberg,Aichberg 15;x;;;x;;;;;;
HB;3226514;61112;Maria und Johann Lukasch, 8240 Friedberg,Ehrenschachen 23;x;;;;x;;;;;
FB;3227600;62148;Manuela und Christopher Puff, 8353 Kapfenstein,Kapfenstein 28;x;;;;;x;x;;;
GU;3228215;62000;Christa Degen, 8323 St. Marein/Graz,Mareinberg 261;x;x;;x;x;;;;;
FB;3228835;60871;Manfred Mader, 8352 Unterlamm,Magland 47;x;;;;x;;;;;
MT;3229254;60298;Thomas Madl, 8741 Wei·kirchen,Eberdorf 8;x;;;x;x;x;;;;
MU;3230503;61079;GÅnter Maier, 8831 Niederwîlz,Schînberg-Lachtal 111;x;;;x;x;x;x;;;
MT;3230996;60781;Ingrid und Franz Maier, 8742 Obdach,Granitzen 12;x;;;;x;;;;;
HB;3233766;60329;Alois Maierhofer, 8250 Vorau,Riegersbach 34;x;;;x;x;;;;;
GU;3234509;61218;Margit Maierhofer, 8113 St. Oswald,Stiwoll 73;x;;;;;;x;;;
DL;3235955;61934;Ernst Schrottner, 8511 St. Stefan ob Stainz,Schlieb 2;x;x;x;x;x;x;;;;
FB;3236901;60808;Franz und Anton Mandl Ges.n.b.r., 8082 Kirchbach,Zerlach 27;x;;;x;x;x;;;;
MU;3237516;61026;Andrea Wolfsberger, 8861 St. Georgen ob Murau,St. Lorenzen 69;x;;;;;x;;;;
LB;3239144;61123;Waltraud Marchel, 8505 St. Nikolai im Sausal,Mollitsch 3;x;x;x;x;x;;;;;
MU;3240401;61037;Erwin Markolin, 8812 Mariahof,Hoferdorf 103;x;;;x;x;;;;;
LE;3244636;60629;Johanna Lukas, 8712 Niklasdorf,Foirach 99;x;;;;;x;x;;;
FB;3245284;60809;Maria und Josef Maurer, 8312 Ottendorf,Krennach 1;x;;;x;;;;;;
LI;3248038;60805;Lisbeth Mayr, 8783 Gaishorn,Au 42;x;;;x;x;;;;;
GU;3248828;60276;Bernhard Meinhart, 8062 Kumberg,Fa·lstra·e 33;x;;;x;x;;;;;
DL;3251772;61060;Martha Michelitsch, 8541 Schwanberg,Garanas 10;x;;;;x;x;x;;;
GU;3256413;60281;Erwin Mîstl, 8102 Semriach,Karl am Stein 1;x;;;x;x;;;;;
HB;3256634;60815;Petra Mogg  Stefan Gleichweit, 8224 Kaindorf bei Hartberg,Dienersdorf 26;x;;;x;;;x;;;
BM;3256863;61199;Ernestine und Walter Zîscher, 8612 Tragî·-Oberort,Tal 1;x;;;x;;;;;;
MU;3259528;60936; Moser Agrar KG, 8813 St. Lambrecht,Karchau 8;x;;;x;x;;;;;
HB;3259692;61028;Thomas Moser, 8230 Hartberg,Flattendorf 121;x;;;;x;;x;;;
DL;3259943;60960;Karin und Gernot Moser, 8541 Schwanberg,Limberg 30;x;;;x;;;;;;
HB;3260020;60594;Josef Moser, 8230 Hartberg,Schîlbing 139;x;;;;;;x;;;
MZ;3260461;60505;Claudia Prasch, 8691 Kapellen,BÑrntal 5;x;;;x;x;;;;;
LE;3260666;60905;Eveline u. Roland Spitzer, 8772 Timmersdorf,Mîtschendorf 3;x;;;x;x;;;;;
LE;3262103;60632;Waltraud Jîchlinger, 8774 Mautern in Steiermark,Eselberg 1;x;;;x;;;;;;
HB;3262863;60520;Ottokar MÅller, 8244 SchÑffern,Hauptstra·e 11;x;;;x;x;x;x;;;
LB;3262901;60564;Juliana MÅller, 8505 St. Nikolai im Sausal,St. Nikolai 26;x;;;x;;;;;;
HB;3263347;60323;Daniel Philipp Bauer, 8233 Lafnitz,Rohrbach-Schlag 12;x;;;x;x;;;;;
VO;3263606;60818;Anna MÅnzer, 8580 Kîflach,Kleinwîllmi· 24;x;;;x;x;;;;;
DL;3264505;60690;Herbert Kappel, 8504 Preding,Tobis 6;x;;;x;;;;;;
LB;3265404;60714;Johann Muster, 8463 Leutschach,Remschnigg 50;x;x;;x;x;x;;;;
DL;3266834;61255;Christine Nebel, 8523 Frauental,Zeierlingerstra·e 1;x;;;x;;;;;;
LB;3267873;60747;Erwin Nestl, 8505 St. Nikolai im Sausal,Unterjahring 10;x;;;;x;;;;;
FB;3269680;60309;Margarete und Reinhard Neubauer, 8091 Jagerberg,Jahrbach 17;x;;;;x;;;;;
GU;3270017;60652;Manfred und Gabriela Kîppel, 8121 Deutschfeistritz,Am Kîniggraben 2;x;;;x;x;;;;;
FB;3270092;61034;Angelika Neuherz, 8352 Unterlamm,Hohenbrugg 97a;x;;;x;x;;;;;
GU;3270602;60723;Annemarie Neuhold, 8130 Frohnleiten,Schrems 49;x;;;;;;x;;;
GU;3271935;60268;Annemarie Auer, 8102 Semriach,Trîtschweg 10;x;;;x;;;;;;
DL;3272613;61164;Hans-Peter Neumann, 8503 St. Josef in Weststeiermark,St. Josef 44;x;;;x;x;;;;;
G;3278522;60739;Karin Obenaus, 8046 Graz,St. Veiterstra·e 134;x;;;x;x;;;;;
MT;3279481;61890;Ernst Oberwinkler, 8741 Weisskirchen,Schoberegg 36;x;x;x;x;x;x;;;;
MZ;3279685;61086;Hubert Ochensberger, 8650 Kindberg,Kindtalgraben 1;x;;;;;;x;;;
WZ;3279855;60667;Andrea und Herbert Kerschenbauer, 8654 Fischbach,Vîllegg 21;x;;;x;;;;;;
HB;3280462;60648;Ines OffenmÅller, 8253 Waldbach,Schrimpfviertel 1;x;;;x;x;x;;;;
VO;3280918;60534;Maria Ofner, 8583 Edelschrott,Mittlerer Herzogberg 269;x;;;x;;;;;;
LB;3283097;60461;Anna Ortner, 8430 Leibnitz,Rettenbach 13;x;;;x;;;;;;
MU;3302059;60746;Waltraud SimbÅrger, 8844 Schîder,Schîder 34;x;;;x;x;;;;;
GU;3305023;60428;Waltraud Pfeiffer, 8302 Nestelbach bei Graz,Steinbergstra·e 79;x;;;x;x;x;;;;
LI;3305384;60587;Franz Pfeiler, 8931 Landl,Kirchenlandl  43;x;;;x;x;;;;;
BM;3306861;61135;Helga und Fritz Pfuisi, 8605 Kapfenberg,Burgstallweg 17;x;;;x;;;;;;
MT;3307409;60856;Maria und Johann Pichler, 8720 Knittelfeld,Flatschach 5;x;;;x;;;;;;
HB;3308367;60890;Annemarie und Josef Dunst, 8240 Friedberg,Ehrenschachen 44;x;x;;x;x;;x;;;
BM;3308499;60627;Erich Leitenbauer, 8605 Parschlug,BrachÑckerweg 3;x;;;;;;x;;;
BM;3309223;60801;Johann Pichler, 8623 Aflenz Kurort,Jauring 24;x;;;x;;;;;;
MU;3309908;60621;Paul Pichler, 8862 Stadl an der Mur,Steindorf 23;x;;;x;x;x;;;;
BM;3310311;60291;Leopold Pichler, 8623 Aflenz,Draiach 8;x;;;;x;;x;;;
HB;3311112;60305;Karin und Werner Pieber, 8271 Bad Waltersdorf,Wagerberg 75;x;;;;x;;;;;
BM;3311571;60912;Antonia Flicker, 8622 Etmi·l,Lonschitz 16;x;;;x;;;;;;
WZ;3311601;60954;Andrea Pierer, 8163 Fladnitz a.d.T.,Schrems 47;x;;;x;x;;;;;
BM;3311627;60700;Manfred Pierer, 8630 Mariazell,Mooshuben 27;x;;;x;;;;;;
GU;3311881;61089;Hildegund Scherr, 8113 St. Oswald bei Plankenwarth,Jaritzberg 41;x;;;x;x;;;;;
LB;3312127;60448;Hannelore und Gerhard Preglau, 8461 Ehrenhausen,Ewitsch 94;x;;;x;x;x;x;;;
GU;3314405;60475;Christa und Josef Grundner, 8102 Semriach,Bodenstra·e 33;x;;;x;;;;;;
VO;3314570;60405;Sylvia Pischler, 8591 Maria Lankowitz,Kemetberg 43;x;;;;;;x;;;
VO;3315576;60917;Rudolf Atzler, 8591 Maria Lankowitz,Kemetberger Stra·e 62;x;;;x;x;x;;;;
WZ;3319679;61151;Evelyn und Simon Pîllabauer, 8616 Gasen,Mitterbach 23;x;;;x;x;;;;;
WZ;3320235;60467;Elisabeth Marterer, 8211 Gro·petersdorf,Schirnitz 13;x;;;;;x;;;;
DL;3320596;61169;Annemarie Pîlzl, 8530 Deutschlandsberg,Wolfgangiweg 80;x;;;x;;;;;;
GU;3323013;60654;Andreas Schmiedtbauer, 8151 Hitzendorf,Oberberg 10;x;;;;x;;;;;
FB;3323897;60528;Juliana und Ernst Poller, 8322 Studenzen,Mitterfladnitz 87;x;;;x;x;;;;;
DL;3325164;60799;Maria Harling, 8522 Gro· St. Florian,Hasreith 14;x;;;x;;;;;;
VO;3325806;60715;Michaela Pongritz, 8573 Kainach,Kohlschwarz 49;x;;;x;x;;x;;;
LB;3327396;60879;Christa und Karl Posch, 8451 Heimschuh,Heimschuh 9;x;x;x;;x;;;;;
HB;3327736;61053;Karl Posch, 8224 Kaindorf bei Hartberg,Hofkirchen 2;x;;;;x;;;;;
LB;3328767;60984;Walter Postl, 8463 Leutschach,Gro·walz 16;x;;;x;x;x;;;;
HB;3328856;62012;Alois Postl, 8230 Hartberg,Ring 80;x;;;;;;x;;;
FB;3328961;60644;Gerfried Fuchs, 8091 Jagerberg,Jagerberg 26;x;;;;x;;;;;
DL;3332098;62123;Reinhold Prattes, 8521 WettmannstÑtten,Lassenberg 2;;x;x;x;x;x;;;;
GB;3334589;61054;Herbert Pichler, 8992 Altaussee,Lichtersberg 16;x;;;x;;x;;;;
BM;3335453;60854;CÑcilia Pretterhofer, 8614 Breitenau am Hochlantsch,Am Stra·egg 21;x;;;x;x;x;x;;;
GU;3335984;60665;Ingrid Priedl, 8130 Frohnleiten,Wannersdorf 9;x;;;;x;;;;;
MT;3337057;60278;Stefanie Pripfl, 8763 Mîderbrugg,St. Oswald 22;x;;;x;x;x;;;;
HB;3337634;60876;Christian Probst, 8294 Unterrohr,Oberrohr 9;x;;;;;;x;;;
VO;3338517;60422;Sabine Propst, 8561 Sîding,Packerstra·e 157;x;;;x;x;;;;;
WZ;3339076;60362;Georg PrÅgger, 8162 Passail,Oberneudorf 8;x;;;x;x;;;;;
GB;3339386;61145;Matthias Prugger, 8972 Ramsau am Dachstein,Ramsau 62;x;;;x;x;;;;;
FB;3340759;61176;Marlies Pucher, 8342 Gnas,Kohlberg 78;x;;;;x;x;x;;;
LB;3344541;61899;Edeltraud Puschnik, 8463 Leutschach,Gro·walz 29;x;x;;;x;;x;;;
WZ;3345041;61078;Thomas Steiner, 8673 Ratten,Kirchenviertel 41;x;;;;;;x;;;
LE;3346919;61083;Elfriede Rabl, 8770 St. Michael in Obersteiermark,Vorderlainsach 21;x;;;x;x;;;;;
DL;3347133;60372;Maria Koisiak, 8541 Schwanberg,Neuberg 49;x;;;x;x;x;;;;
LE;3348369;60507;Christine Rahm, 8774 Mautern in Steiermark,Alte Salzstra·e 14;x;;;x;x;;;;;
LE;3348806;60664;Hubert Wallner, 8781 Wald am Schoberpass,Liesing 19;x;;;x;;;x;;;
VO;3348890;60614;Hermann und Gerlinde Rainer, 8153 Geistthal,Geistthal 19;x;;;x;;;;;;
LE;3349098;60829;Alfred Rainer, 8792 St. Peter ob Freienstein,Hessenbergstra·e 44;x;;;;x;;;;;
HB;3352811;60861;Helga und Karl Spindler, 8225 Schînegg bei Pîllau,Winzendorf 37;x;;;;x;;;;;
WZ;3353095;60330;Theresia Rath, 8311 Markt Hartmannsdorf,Pîllau 47;x;;;x;;;;;;
GU;3353869;60273;Eduard und Christian Rauch, 8113 St. Oswald,Stiwoll 105;x;;;;x;;x;;;
GU;3357546;60639;Manfred Reicher, 8151 Hitzendorf,Rohrbach 60;x;;;x;x;;;;;
GU;3357864;60833;Johann Reicher, 8113 St. Oswald,Lichtenegg 3;x;;;;x;x;;;;
VO;3357911;61160;Monika Reicher, 8152 Stallhofen,Stallhofen 99;x;;;x;x;;;;;
VO;3360679;61190;Johann Reinisch, 8152 Stallhofen,Stallhofen 30;x;;;x;x;x;;;;
DL;3360741;60476;Franz Mîrth, 8530 Deutschlandsberg,Kloster 2;x;;;x;;;;;;
DL;3360750;62004;Eduard Reinisch, 8530 Deutschlandsberg,Rettenbach 15;x;;;x;;;;;;
DL;3360971;60626;Franz Reinisch, 8541 Schwanberg,Gressenberg 118;x;;;x;;;;;;
WZ;3364241;60980;Erich Reitbauer, 8616 Gasen,Mitterbach 6;x;;;;;;x;;;
LI;3365751;60955;Sylvia Reiter, 8904 Ardning,Ardning 112;x;;;x;;;;;;
WZ;3365905;61220;Edith Reiter, 8212 Pischelsdorf,Reichendorf 51;x;;;x;;;;;;
GU;3366448;60289;Elfriede Reiter, 8047 Kainbach,Edelwei·weg 18;x;;;x;x;;;;;
LB;3366511;60601;Susanne und Alois Reiterer, 8463 Leutschach,Eichberg-Trautenburg 36;x;;;x;x;x;x;;;
DL;3367142;60402;Karl Reiterer, 8543 St. Martin i. Sulmtal,Reitererberg 23;x;;;x;x;x;;;;
HB;3367789;61200;Angelika Reithofer, 8243 Pinggau,Ortgraben 37;x;;;x;x;;;;;
WZ;3367835;60978;Robert Reithofer, 8191 Koglhof,Rabendorf 30;x;;;;;;x;;;
VO;3368424;60538;Matthias Renhart, 8583 Edelschrott,Pack 27;x;;;x;;;;;;
GB;3370534;61154;GÅnter Rettenbacher, 8970 Schladming,Untere Klaus 12;x;;;x;;x;;;;
GB;3370569;60926;Nina Meisznitzer, 8971 Rohrmoos-Untertal,Untertalstra·e 24;x;;;x;x;;;;;
HB;3371387;60817;Sonja Seidl, 8243 Pinggau,Pinkatalstra·e 28;x;;;;;;x;;;
HB;3371425;60724;Anton Riebenbauer, 8243 Pinggau,Wiesenhîf 17;x;;;x;x;;;;;
GU;3371662;61657;Klaus Riedisser, 8071 HausmannstÑtten,Vasoldsberg 17;x;;;x;x;;;;;
MZ;3374581;60973;Franz und Gabriele Bîhm, 8684 Spital am Semmering,Jauern 2;x;;;x;x;;;;;
GU;3374670;60789;Josef Riegler, 8063 Eggersdorf,Maningweg 5;x;;;x;;;;;;
VO;3375030;61035;Elfriede Fasching-Riemer, 8153 Geistthal,Kleinalpe 9;x;;;;;x;;;;
MT;3375340;61007;Sonja Rieser, 8742 Obdach,Obdachegg 19;x;;;x;x;x;;;;
MT;3375366;60523;Roswitha Rieser, 8742 Obdach,Katschwald 22;x;;;x;x;x;;;;
MZ;3376613;60689;Elisabeth und Georg Rinnhofer, 8680 MÅrzzuschlag,Ganztal 25;x;;;x;x;x;;;;
FB;3377075;60603;Sabine Leber, 8083 St. Stefan i. Rosental,Tagensdorf 29;x;;;;;;x;;;
LB;3377717;61666;Josef Robier, 8453 St. Johann i. Saggautal,Untergreith 104;x;;;;x;;;;;
LI;3377911;60643;Franz Rodlauer, 8932 Wei·enbach an der Enns,Bichl 5;x;;;x;;;x;;;
FF;3378161;61235;Margareta Rodler, 8265 Gro·steinbach,Gro·steinbach 16;x;;;x;x;;;;;
LI;3379311;60548;Johanna Egger, 8904 Ardning,PÅrgschachen 9;x;;;x;x;;;;;
FB;3380327;61115;Juliana und Franz Saurugg, 8324 Kirchberg an der Raab,Wîrth 66;x;;;;x;;;;;
MZ;3380581;60543;Heinrich Rosegger, 8682 Hînigsberg,Lechen 40;x;;;x;x;x;;;;
VO;3382974;61048;Ernst Roth, 8152 Stallhofen,Muggauberg 39;x;;;x;x;;;;;
GU;3385949;61092;Franz Mandl, 8114 StÅbing,Hieningstra·e 3;x;;;;;;x;;;
GU;3386473;60610;Kierstin und Thomas Rupp, 8071 HausmannstÑtten,Brunnenstra·e 8;x;;;x;;;;;;
DL;3386848;60421;Herbert und Gabriela Ruprecht, 8502 Lannach,Breitenbachstra·e 79;x;;;;;x;;;;
VO;3386911;62154;Waltraud Ruprechter, 8152 Stallhofen,Aichegg 5;x;;;x;;;;;;
BM;3387445;60765;Andrea und Wolfgang Russold, 8612 Tragî·,Schattenberg 56;x;;;;x;;;;;
BM;3387518;60615;Ingrid und Erich Rust, 8621 Thîrl,Fîlz 44;x;;;x;;;;;;
BM;3387526;61242;Sonja und Reinhard Rust, 8611 St. Katharein an der Laming,Obertal 1;x;;;x;x;;;;;
BM;3387551;60411;Peter Rust, 8605 Kapfenberg,Emberg-Nord 11;x;;;x;;;;;;
HB;3388727;61214;Karl und Renate Safner, 8225 Schînegg bei Pîllau,Schînau 40;x;;;;x;;;;;
HB;3390250;60944;Maria und Josef Salmhofer, 8241 Dechantskirchen,Bergen 18;x;;;x;x;x;;;;
G;3392198;60826;Erika und Franz Sattler, 8010 Graz,Rohrbachhîhe 20;x;;;x;;;;;;
GU;3392716;60812;Johannes und Renate Saubart, 8112 Gratwein,Meierhof 35;x;;;x;x;;;;;
MZ;3394298;61126;Hannes Schabereiter, 8653 Stanz im MÅrztal,Possegg 30;x;;;x;x;;;;;
LE;3396479;60696;Franz Schaffer, 8700 Leoben,Hollermayerweg 5;x;;;x;x;x;;;;
BM;3396665;60328;Rudolf Schaffer, 8600 Bruck an der Mur,Utschmoarweg 10;x;;;x;x;;;;;
GU;3400646;60445;Karl Schauer, 8411 Hengsberg,Lamberg 1;x;;;x;x;;;;;
MZ;3402673;60497;Markus Scheikl, 8664 Gro·veitsch,Wîrenbachgraben 2;x;;;x;x;;;;;
MZ;3402690;60962;Anton Leichtfried, 8644 MÅrzhofen,Wienerstra·e 1;x;;;x;x;;;;;
MZ;3402711;60705;Renate und Karl Scheikl, 8670 Krieglach,Sommerberg 24;x;;;x;x;;;;;
HB;3410463;60592;Margarete und Johannes Schirnhofer, 8230 Hartberg,Flattendorf 61;x;;;;x;;;;;
MT;3411311;61999;Andreas Grillitsch, 8742 Obdach,Warbach 29;x;x;;x;x;;;;;
MU;3413381;61134;Monika und Peter Schlick, 8862 Stadl an der Mur,Allgau 30;x;;;x;x;x;;;;
HB;3413471;60529;Alfred Schlîgl, 8230 Oberlungitz,Oberlungitz 14;x;;;x;x;x;;;;
WZ;3414604;61110;Lisbeth Holzmann, 8183 Floing,Lebing 9;x;;;;;;;;;x
WZ;3415279;60647;Johann Schmallegger, 8183 Floing,Haring 17;x;;;;;;x;;;
VO;3416046;60645;Franz Zach, 8562 Mooskirchen,Voglbichl 1;x;x;x;x;x;x;x;;;
VO;3416232;60775;Johann Schmid, 8583 Pack,Pack Nr. 13;x;;;x;;;;;;
GU;3416810;60859;Margarete Schmidbauer, 8051 Graz,Waldsdorfstra·e 25;x;;;x;;;;;;
LE;3417875;60744;Wolfram Schmidt, 8792 St. Peter ob Freienstein,Hessenbergstra·e 32;x;;;x;x;;;;;
GU;3418545;60430;GÅnter Schmiedtbauer, 8151 Hitzendorf,Oberberg 26;x;;;;x;;;;;
LB;3420248;60511;Gerlinde Schneeberger, 8505 St. Nikolai im Sausal,Greith 2;x;;;x;x;;;;;
HB;3420744;60670;Martina Lechner, 7421 Tauchen-Schaueregg,Anger 1;x;;;x;x;;;;;
GU;3421406;61019;Josef Schneller, 8103 Eisbach-Rein,Tallak 27;x;;;x;x;x;;;;
LI;3421741;60655;Maria Schnittler, 8904 Ardning,PÅrgschachen 3;x;;;x;;;;;;
MZ;3423905;62122;Alexandra Taberhofer, 8665 Langenwang,Hînigsberg 14;x;;;x;x;;;;;
GU;3428303;60436;Barbara Kiendl, 8151 Hitzendorf,Doblegg 32;x;;;x;x;;;;;
VO;3428371;61243;Franz und Andrea Schreiner, 8561 Sîding,Stallhofnerstra·e 2;x;;;;x;;;;;
GU;3428567;60760;Josef Vinzenz Schreiner, 8143 Dobl,Muttendorfer Stra·e 22;x;;;;x;;;;;
GU;3428613;60324;Martin Schreiner, 8113 St. Oswald,St. BartholomÑ 37;x;;;;x;;;;;
GB;3428940;60590;Wilhelm Schrempf, 8972 Ramsau am Dachstein,Schildlehen 11;x;;;x;x;;;;;
GB;3429032;60963;Helmut Schrempf, 8971 Rohrmoos-Untertal,Planaistra·e 17;x;;;x;x;x;;;;
MZ;3429814;62170;Ingrid Schrittwieser, 8691 Kapellen,BÑrntal 8;x;;;x;x;x;;;;
DL;3433820;60824;Franz Schuster, 8543 St. Martin im Sulmtal,Dîrfla 14;x;;;x;;;;;;
GB;3435202;60453;Christian Schwab, 8967 Haus im Ennstal,Niederberg 32;x;;;x;x;;;;;
MZ;3436063;60849;Hubert Schwaiger, 8670 Krieglach,Sommerberg 25;x;;;x;x;x;;;;
WZ;3437922;61107;Stefan Schwarz, 8183 Floing,Lebing 8;x;;;;;;;;;x
LB;3438180;61015;Alois Schwarzbauer, 8411 Hengsberg,Kehlsdorf 20;x;;;x;x;;;;;
MZ;3445356;60483;Anton Seitinger, 8661 Wartberg im MÅrztal,Scheibsgraben 39;x;;;x;x;x;;;;
LB;3447090;60393;Josef Sgarz, 8403 Lebring,Jî· 9;x;;;x;x;;;;;
HB;3447901;60333;Viktoria Siegl, 8224 Kaindorf bei Hartberg,Untertiefenbach 11;x;;;;x;;;;;
LB;3448606;61098;Margareta Silberschneider, 8452 Gro·klein,Goldes 21;x;;;x;x;;;;;
HB;3449173;60976;Gerhard Simon, 8255 St. Jakob im Walde,Kaltenegg 19;x;;;x;x;x;;;;
GB;3449378;60975;Robert Simonlehner, 8972 Ramsau am Dachstein,Ramsau 35;x;;;x;x;x;;;;
LB;3450538;60338;Herbert Skoff, 8462 Gamlitz,Weinleitengasse 85;x;;;;x;;;;;
RA;3450643;60840;Eduard Skraban Jun., 8490 Laafeld,Laafeld 43;x;;;;x;;;;;
VO;3453286;60366;Josef Sommersacher, 8153 Geistthal,Kleinalpe 10;x;;;x;x;;;;;
GU;3453600;60650;Josef Sonnleitner, 8323 St. Marein,Krumegg 32;x;;;;x;;;;;
WZ;3454576;60845;Hubert Spandl, 8672 St. Kathrein am Hauenstein,Obere Zeil 24;x;;;x;x;;;;;
VO;3455009;61091;Karl-Heinz Spari, 8564 Krottendorf-Gaisfeld,Gaisfeld 11;x;;;;x;;x;;;
DL;3456081;61140;Alois Spieler jun., 8530 Deutschlandsberg,LÑrchenweg 27;x;x;;x;;;;;;
DL;3456129;60551;Regina und Karl Reinisch, 8530 Deutschlandsberg,Osterwitz 28;x;;;x;;x;;;;
MT;3456722;60928; Landwirtschaft Spitzer KG, 8715 St. Lorenzen bei Knittelfeld,Preggraben 65;x;;;x;x;;;;;
G;3459497;60368;Markus Stadtegger, 8044 Graz,Wenisbucherstra·e 110;x;;;x;x;;;;;
LI;3462706;61248;Diethard Steger, 8967 Haus,Marktstra·e 39;x;;;x;x;;;;;
HB;3463338;62018;Margarete Steinbauer, 8230 Hartberg,Lîffelbach 121;x;;;;x;;;;;
DL;3463826;61119;Willibald Steinbauer, 8543 St. Martin im Sulmtal,Greith 20;x;;;x;;;;;;
MT;3463877;60964;Mario Steinberger, 8765 St. Johann am Tauern,Sonnseite 50;x;;;x;x;x;;;;
VO;3463982;60974;Karin Pongritz, 8591 Maria Lankowitz,Kirchberg 60;x;;;x;x;;;;;
LI;3464083;61044;Christine und Johann Steinberger, 8933 St. Gallen,Bergerviertel 22;x;;;x;x;;;;;
LI;3464181;61038;Julia Steinberger, 8903 Lassing,Heuberg 22;x;;;;;;x;;;
MU;3464385;60901;Josef Steinbrugger, 8820 Neumarkt,St. Georgen 37;x;;;x;x;;;;;
BM;3464598;60385;Andrea Steindl, 8605 Kapfenberg,Alexander-Silveri-Stra·e 16;x;;;x;;;;;;
LB;3464601;60410;Rudolf Stiendl, 8444 St. AndrÑ i. Sausal,BrÅnngraben 37;x;;;x;x;x;x;;;
MT;3465209;60540;Johann Steiner, 8756 St. Georgen ob Judenburg,Nussdorf 37;x;;;x;x;x;;;;
LB;3465381;61236;Sabine Steiner, 8462 Gamlitz,Gaberhîhe 116;x;;;x;x;x;;;;
WZ;3465993;60631;Herbert Prinz, 8673 Ratten,Grubbauer 51;x;;;x;;;;;;
GB;3466141;60620;Hans Steinbrecher, 8983 Bad Mitterndorf,Bad Mitterndorf 401;x;;;;;x;;;;
GU;3466914;61212;Hermine und  Johann Steinkellner, 8153 Geistthal,Gschnaidt 29;x;;;x;;;;;;
FB;3467074;60708;Erich Steinkleiber, 8322 Studenzen,Siegersdorf 31;x;;;;x;;;;;
WZ;3467279;60535;Johann Steinmann, 8212 Pischelsdorf,Kleinpesendorf 15;x;;;x;x;;;;;
FB;3468372;61660;Anna Stelzer, 8352 Unterlamm,Magland 17;x;;;;x;;;;;
LB;3468607;62006;Annemarie Stelzer, 8505 St. Nikolai i. S.,Oberjahring 11;x;;;x;;;;;;
LB;3469042;62017;Johannes Stelzl, 8455 Oberhaag,Altenbach 48;x;;;x;;;;;;
DL;3469701;60478;Karl Stepischnik, 8552 Eibiswald,Aichberg 10;x;;;x;x;;;;;
GU;3470199;60384;Vinzenz Stern, 8151 Hitzendorf,Rohrbach 51;x;;;;x;;;;;
FF;3470679;60325;Josef Stessl, 8282 Loipersdorf,Loipersdorf 81;x;;;;x;;;;;
GU;3471713;60934;Manfred Meizenitsch, 8113 St. Oswald bei Plankenwarth,Plankenwarth 9;x;;;x;x;;;;;
GB;3472787;60943;Reinfried Stocker, 8971 Rohrmoos-Untertal,Wiesenweg 52;x;;;x;x;x;;;;
GB;3473171;62166;Hanspeter Stocker, 8967 Haus im Ennstal,Ruperting 16;x;;;x;;x;;;;
GB;3473465;61017;Herbert Stocker, 8971 Rohrmoos-Untertal,Rohrmoosstra·e 47;x;;;x;x;x;;;;
MU;3473741;61217;Sabine Stockreiter, 8850 Murau,Triebendorf 7;x;;;x;x;x;x;;;
HB;3474194;60339;Erich Stîgerer, 8240 Friedberg,Hauptplatz 13;x;;;x;x;;;;;
DL;3476821;62119;Walter Strametz, 8551 Wies,Unterfresen 43;x;;;;;;x;;;
MT;3477771;60851;Erich Strasser, 8765 St. Johann am Tauern,Sonnseite 9;x;;;x;x;x;x;;;
LB;3478424;60280;Josef Strauss, 8505 St. Nikolai im Sausal,St. Nikolai im Sausal 10;x;x;x;x;x;;;;;
WZ;3478882;60591;Karl Christian Streilhofer, 8184 Anger,Fresen 4;x;;;;x;;;;;
DL;3481468;60721;Johannes Strohmeier, 8544 Pîlfing-Brunn,Tombach 36;x;;;x;x;;;;;
VO;3481972;60633;Anton Strommer, 8564 Krottendorf-Gaisfeld,Gaisfeld 24;x;;;;x;;;;;
VO;3482057;61052;Susanne Strommer, 8564 Krottendorf-Gaisfeld,Gaisfeld 10;x;;;x;x;;;;;
BM;3482189;60750;Renate Stromminger, 8632 Gu·werk,Fallenstein 5;x;;;;;;x;;;
GU;3482936;60874;Christian Schmidbauer, 8051 Thal,Josefiweg 3;x;;;;x;;;;;
G;3483380;60471;Franz Sturm, 8051 Graz,Schlîsselweg 3;x;;;;x;;;;;
FB;3487644;60795;Josef und Margit Taferl, 8330 Feldbach,Edersgraben 19;x;;;;;;x;;;
HB;3489981;60370;Monika Taucher, 8272 Sebersdorf,Gro·hart 115;x;;;;x;x;x;;;
WZ;3492079;61003;Ingrid und August Edelmann, 8311 Markt Hartmannsdorf,Markt Hartmannsdorf 128;x;;;;x;;;;;
LB;3492575;60996;Gregor Tertinjek, 8463 Leutschach,Remschnigg 57;x;;;x;x;;;;;
BM;3492699;60269;Andreas Strauss, 8625 Turnau,Turnau 45;x;;;x;x;;;;;
FB;3492826;60341;Ernst Ranftl, 8350 Fehring,Weinberg 85;x;;;x;x;x;;;;
WZ;3493415;60910;Richard Bertsch, 8261 Sinabelkirchen,Obergro·au 28;x;;;;x;;;;;
WZ;3493857;60561;Eduard Thaller, 8311 Markt Hartmannsdorf,Hauptstra·e 34;x;;;x;x;x;x;;;
GB;3494241;61251;Otmar Thaller, 8960 ôblarn,Edling 76;x;;;x;x;;;;;
DL;3494942;60921;Johanna Theissl, 8510 Stainz,Ettendorf 75;x;;;;;;x;;;
FB;3497089;60966;Johann Thurner, 8361 Hatzendorf,Hatzendorf 81;x;;;;x;;;;;
MU;3498492;60285;Alfred Timmerer-Maier, 8820 Neumarkt,St. Veit in der Gegend 20;x;;;x;x;;;;;
GU;3498808;62176;Maria und Johann Tirschl, 8111 Judendorf-Stra·engel,Plankenwarth 68;x;;;;;;x;;;
BM;3502601;60304;Martin Treitler, 8625 Turnau,Gîriach 19;x;;;;x;;;;;
GU;3509761;61658;Hans Werner TÅchler, 8044 Weinitzen,Niederschîcklstra·e 78a;x;;;;;x;;;;
HB;3510689;61020;Christian und Monika Uhl, 8234 Rohrbach an der Lafnitz,Koglerau 15;x;;;x;x;;;;;
LI;3513564;61104;Erna Pacher und Franz Unterberger Ges.n.b.R., 8940 Liezen,Reithtal 11;x;;;x;;;;;;
DL;3516377;60297;Peter Vezonik, 8552 Eibiswald,Kleinradl 20;x;;;x;;;;;;
VO;3516415;60345;Franz Vidalli, 8152 Stallhofen,Aichegg 9;x;;;;;;x;;;
LB;3518159;60659;Gerhard Vollmeier, 8462 Steinbach,Steinbach 70;x;;;x;;;;;;
GU;3518736;60394;Helga Wiedner, 8130 Frohnleiten,Tyrnau 4;x;;;;;;x;;;
DL;3518965;61162;Maria Schmuck, 8552 Eibiswald,Aichberg 40;x;;;;x;;;;;
G;3523373;60651;Anita und Bernhard Meinhart, 8044 Graz,Mittergrabenweg 20;x;;;;x;;;;;
GB;3523870;60498;Herbert Walcher, 8972 Ramsau,Schildlehen 10;x;;;x;x;;x;;;
GB;3524001;61108;Johann Walcher, 8972 Ramsau,Ramsau 70;x;;;x;x;;;;;
LI;3524256;60857;Petra Keinprecht, 8970 Schladming,Obere Klaus 43;x;;;x;;x;;;;
GB;3524272;61071;Engelbert Walcher, 8973 Pichl an der Enns,Pichl 2;x;;;x;;;;;;
DL;3524361;62120;DI (FH) Gerald Waldbauer, 8530 Deutschlandsberg,TrahÅtten 34;x;;;;;;x;;;
DL;3525571;61206;Johann Wallner, 8524 Bad Gams,Bergegg 56;x;;;x;;;;;;
GU;3528430;60677;Christa Moik, 8063 Hîf-PrÑbach,Maningweg 6;x;;;;x;;;;;
DL;3528987;61672;Anton Wassermann, 8511 St. Stefan/Stainz,Sommereben 8;x;;;;;;x;;;
LB;3529673;60295;Dietmar Weber, 8411 Hengsberg,Schrîtten 26;x;;;x;;;;;;
GB;3532933;60947;Friedrich Fischbacher, 8970 Rohrmoos-Untertal,Rohrmoos-SÅdweg 36;x;;;x;x;x;;;;
LB;3535240;60416;Margarete u. Erwin Pichler, 8455 Oberhaag,Tunauberg 8;x;;;x;x;x;;;;
LI;3536840;60552;CÑcilia Weissensteiner, 8932 Weissenbach/Enns,Weissenbach 87;x;;;x;;;;;;
VO;3537684;60449;Sieglinde Weixler, 8570 Voitsberg,Fuchsweg 47;x;;;;x;;;;;
LI;3538443;60459;Markus Wenninger, 8924 Wildalpen,HolzÑpfeltal 103;x;;;;;;x;;;
MU;3538991;61998;Helmut Wernig, 8822 MÅhlen,Hitzmannsdorf 28;x;x;;;x;x;;;;
WZ;3540022;61030;Agnes und Johann Wiedenhofer, 8181 St. Ruprecht an der Raab,Wolfgruben 45;x;;;;x;;;;;
BM;3540987;60400;Martin Strohmayer, 8630 Mariazell,Mooshuben 2;x;;;x;;;;;;
MT;3542963;62162;Herbert Wiesnegger, 8762 Oberzeiring,Gfîllgraben 18;x;;;x;x;;;;;
LB;3543609;60719;Friedrich Wildpacher, 8453 St. Johann im Saggautal,Untergreith 66;x;x;;x;x;;;;;
DL;3545229;60613;Werner Goach, 8511 St. Stefan ob Stainz,Sommereben 2;x;;;;x;x;;;;
HB;3546195;61671;Siegfried Windhaber, 8222 St. Johann b. Herberstein,Siegersdorf 29;x;;;;;;x;;;
GU;3546896;60486;Eleonora Hold, 8102 Semriach,Panoramaweg 28;x;;;x;x;;;;;
HB;3547817;60515;Franz Winkler, 8230 Hartberg,Rohrfeldstra·e 4;x;;;;x;x;x;;;
VO;3550184;61254;Martin Wipfler, 8563 Ligist,Steinberg 54;x;;;x;;x;;;;
MT;3550982;60995;Johann und Heidrun Wiry, 8732 Seckau,Seckau 20;x;x;;x;x;;;;;
GU;3554261;61198;Franziska und Walter Wolf-Maier, 8071 HausmannstÑtten,Gartenstra·e 5;x;;;;x;;;;;
LE;3556590;61669;Rainer Bleyer, 8793 Trofaiach,Laintal 21;x;;;x;x;;;;;
MZ;3559246;60352;Renate ZÑchling, 8662 Mitterdorf im MÅrztal,Quellenstra·e 9;x;;;x;x;;;;;
GU;3560716;61088;Manfred Zechner-Ofner, 8302 Nestelbach,Edelsgrub 4;x;;;x;;;;;;
MT;3560724;61114;Brigitte u. Heinrich Zechner, 8756 St. Georgen ob Judenburg,SchÅtt 37;x;x;;x;x;x;;;;
LB;3561569;60991;Josef Zeck, 8453 St. Johann im Saggautal,Radiga 16;x;;;;x;;;;;
MU;3562336;60458;Manfred Zeiner, 8843 St. Peter am Kammersberg,Glanz 79;x;;;x;x;;;;;
HB;3562590;60612;Norbert und Waltraud Pausakerl, 8241 Dechantskirchen,Kroisbach 2;x;;;;x;;;;;
MZ;3562638;60342;Sabine und Anton Zelinka, 8665 Langenwang,Pretul 15;x;;;x;x;;;;;
BM;3564258;62167;Stefan Zettler, 8600 Bruck an der Mur,St. Dionysenstra·e 57;x;;;;;;x;;;
HB;3565351;60915;Sandra Kappel, 8241 Dechantskirchen,Bergen 13;x;;;x;x;x;x;;;
DL;3566790;61055;Werner Zirngast, 8511 St. Stefan ob Stainz,Rossegg 62;x;;;;x;;;;;
MU;3567826;60225;Maria Zizenbacher, 8832 Oberwîlz,Stadt 3;x;;;x;x;x;;;;
GU;3568211;60408;Bernhard Hatzl, 8073 Feldkirchen,Triester Stra·e 136;x;;;;x;;;;;
BM;3568342;60286;Hermine Zîchling, 8624 Au bei Aflenz,Dîllach 1;x;;;x;;;;;;
MZ;3569411;60640;Franz Zîscher, 8643 Allerheiligen,Leopersdorf 20;x;;;x;x;x;;;;
GU;3569624;60783;Franziska und Peter Zîtsch, 8045 Graz,Oberschîcklweg 31;x;;;x;;;;;;
MZ;3575233;60985;Stefan Kaltenbrunner, 8643 Allerheiligen im MÅrztal,Edelsdorf 4;x;;;x;x;x;x;;;
LB;3576086;60863;Christine Kraus, 8452 Gro·klein,Burgstall 4;x;;;;x;;;;;
GB;3577660;61014;Andreas Putz, 8962 Grîbming,Mitterberger Stra·e 435;x;;;x;x;;;;;
DL;3580407;61246;Stefanie Hafner, 8551 Wies,Oberhart 26;x;;;x;x;;;;;
GU;3582795;60957;Harald Gro·schedl, 8151 Hitzendorf,Berndorf 80;x;;;;x;;;;;
GU;3582965;60797;Margarete Strommer, 8054 Graz,Mantscha 52;x;;;;x;;;;;
GU;3618617;60375;Gertraud Gruber, 8045 Graz-Andritz,In Buch 1;x;;;x;;x;;;;
DL;3641562;60853;August Koch, 8541 Schwanberg,Unterfresen 123;x;x;;x;x;x;;;;
DL;3684342;62002;Reinhold Albler, 8510 Stainz,Stallhof 69;x;x;;;x;x;;;;
GU;3725260;60518;Elfriede Ranner, 8162 Passail,Tulwitzdorf 2;x;;;x;x;;;;;
LE;3725863;60844;Ing. Alois KÅbeck-Montenuovo, 8794 Vordernberg,Hohe Rîtz 4;x;;;;;x;x;;;
WZ;3741591;60395;Karl Bierbauer, 8162 Passail,Passail 205;x;x;;x;x;;;;;
HB;3757790;60694;Anna Rudolf, 7423 Sinnersdorf,Sinnersdorf 91;x;;;x;x;x;x;;;
GU;3761894;61159;Auguste Maier, 8075 Hart bei Graz,Josefine Pacher-Weg 30;x;;;x;x;;x;;;
LE;3764532;61673;Johann u. Waltraud Wechselberger, 8714 Kraubath/Mur,Kraubathgraben 8;x;;;;;;x;;;
LB;4243536;60682;Ing. Alois Hirschbichler, 8410 Wildon,Rinthalerstra·e 12;x;;;;;x;x;;;
MT;4248244;60994;Land- und forstwirtschaftliche Fachschule Kobenz, 8720 Kobenz,Kobenz 13;x;;;x;x;;;;;
G;4347056;60514;Gottfried Hopfer, 8044 Graz,Himmelreichweg 71;x;;;;;;x;;;
LB;4364554;61907;Johann Neuhold, 8421 Wolfsberg im Schwarzautal,Wîlferberg 19;x;;;x;;;;;;
FB;4403851;60725;Engelbert Lamprecht, 8350 Fehring,Petzelsdorf 53;x;;;x;x;;x;;;
BM;4456360;60376;Heinz Reitbauer, 8625 Turnau,Pogusch 21;x;;;x;;x;;;;
LB;4456424;60702;Gerda und Adolf Schwinger, 8451 Heimschuh,Schînegg 26;x;;;;;;x;;;
FB;4459512;60937;Erich Spindler, 8330 Feldbach,Pertlstein 232;x;;;;x;;;;;
LI;4525973;61101;Robert Riemelmoser, 8786 Rottenmann,St. Georgen 26;x;;;;;;x;;;
LE;4530225;60852;Erwin Kofler, 8790 Eisenerz,Kriechbaumweg 3;x;;;x;x;x;;;;
LB;4549813;61893;Peter Draxler, 8462 Gamlitz,Oberlupitscheni 5;x;x;;;;x;;;;
VO;4555686;62025;DI Josef und Sonja Schneeberger, 8570 Voitsberg,DreigrÑberweg 1a;x;;;;;;x;;;
MU;4557301;62175; Direktvermarktung Rantental, 8853 Ranten,Tratten 61;x;;;x;x;x;;;;
GB;4557387;60271; AGDV, 8961 St. Nikolai,Fleiss 216;x;;;x;x;x;;;;
FB;4564430;61896; Johann Titz GmbH, 8330 Feldbach,Rohr 66;x;x;x;;;;;;;x
WZ;4565126;60490;Karl Paunger, 8190 Birkfeld,Dorfviertel 104;x;;;x;x;x;;;;
MU;4572700;62172;Selbstvermarktungsgemeinschaft Lutzmannsdorf, 8861 St. Georgen ob Murau,Lutzmannsdorf 3;x;;;x;x;;x;;;
MU;4669231;61892; Steirische WildspezialitÑten Strohmeier GmbH, 8820 Neumarkt in der Steiermark,Bahnhofstra·e 59;x;x;x;;;;x;x;;
VO;4669321;60902;Horst Ehmann, 8563 Ligist,Hauptstra·e 20a;x;;;x;x;x;;;;
BM;4699335;60287;Birgit Dohr, 8600 Bruck an der Mur,Kotzgraben 2;x;;;x;;x;;;;
GU;4776208;60388;Mag. Michael Apfelbeck, 8046 Graz-St. Veit,Ursprungblick 10;x;x;;x;x;x;;;;
BM;8000085;60731;Hans Georg Aigner, 8623 Aflenz,Aflenz Kurort 49;x;;;x;;;;;;
GB;8000271;61148; Ausseer Fleischveredelungszentrum Gmbh, 8990 Bad Aussee,Bahnhofstra·e 136;x;;;x;x;x;x;;;
MT;8000298;60462;Thomas Autischer, 8753 Fohnsdorf,Siemensstra·e 7;x;x;x;x;x;x;;;;
GB;8000832;61133;Erich Diechtl, 8983 Bad Mitterndorf,Bad Mitterndorf 31;x;;;x;;x;;;;
GU;8000930;61161;Peter Eibinger, 8121 Deutschfeistritz,öbelbacherstra·e 19;x;;;x;x;x;x;;;
GU;8001413;60823; Fleischerei FÅrnschu· GmbH, 8143 Dobl,Unterberg 63;x;;;x;;;;;;
HB;8001766;61951;Fleisch-Wurst Gruber Gmbh & Co KG, 8250 Vorau,Hauptstra·e 36;;x;x;x;x;;;;;
LB;8002649;61885; Jîbstl Bauerngut GmbH, 8472 Stra·,Hofgasse 1;x;x;x;x;x;;;;;
G;8002690;61184; Karaoglan KG, 8020 Graz,Babenbergerstra·e 132;;x;x;x;;x;;;;
HB;8003050;62156;Josef Kohlhauser, 8252 Riegersbach,Riegersbach 65;;x;;x;x;;;;;
LB;8003068;60231; Alois Kîhrer Gmbh, 8413 St. Georgen an der Stiefing,Ragnitz 6;;x;x;x;x;;;;;
HB;8003122;60447;Franz Kornberger, 8225 Pîllau,Hinteregg 61;x;x;;x;x;x;x;;;
WZ;8003149;60993;Markus Kothgasser, 8212 Pischelsdorf,Marktplatz 30;x;x;x;x;x;;;;;
LB;8003165;61883; Franz Krainer,  Fleisch- und Wurstwaren GmbH, 8435 Wagna,Marburger Stra·e 91;;x;x;x;x;;;;;
LI;8003360;62028; Landgenossenschaft Ennstal, Landena KG, 8950 Stainach,Erzherzog-Johann-Stra·e 303;;x;x;x;x;x;;;;
RA;8004102;60820;Jîrg Oberer, 8480 Mureck,Hauptplatz 16;x;x;x;x;x;x;;;;
LE;8004161;60485;" Steirische WildspezialitÑten
Strohmeier GmbH, 8700 Leoben,Waltenbachstra·e 10";x;x;;;;;x;x;;
GU;8004480;60828;Hermann Potthast, 8077 Gîssendorf,Am Bach 11;x;;;;;;;;x;
FB;8004609;61877; Fleischhof Raabtal Gmbh, 8324 Kirchberg an der Raab,Berndorf 119;x;x;;x;x;;;;;
LB;8004684;61888; Ramsauer Fleisch GmbH, 8081 Heiligenkreuz am Waasen,Grazer Stra·e 14;x;x;x;x;x;;;;;
FB;8004960;60782;Reinhard Rodler, 8332 Edelsbach,Edelsbach 5;x;x;;x;x;;x;;;
FB;8005150;61895; Scheucher Fleisch Gmbh, 8091 Jagerberg,Ungerdorf 1;x;x;;x;x;;;;;
FF;8005184;61887; Schirnhofer Schlachthof Gmbh, 8265 Gro·steinbach,Gro·steinbach 198;x;x;;x;x;;;;;
GU;8005346;61258;Karl Schînberger, 8074 Raaba,Josef-Krainer-Stra·e 5;x;;;x;x;x;;;;
DL;8005575;61240;Wolfgang Seidler, 8511 St. Stefan ob Stainz,St. Stefan ob Stainz 144;x;;;x;x;x;;;;
LB;8005885;60224; Steirerfleisch GmbH, 8421 Wolfsberg im Schwarzautal,Wolfsberg 1;x;x;x;x;x;;;;;
G;8005991;61897; Leopold Strobl Gmbh & Co KG, 8055 Graz,Mitterstra·e 6;;;;x;x;x;x;x;;
FF;8006326;61901; Turza Gmbh & Co KG, 8262 Ilz,Ilz 171;x;x;;x;x;x;;;;
WZ;8006652;61876; Weizer Bergland SpezialitÑten Vertriebs-Gmbh, 8160 Weiz,Werksweg 102;x;x;;x;x;x;;;;
HB;8007004;61898; Zotter Kalbfleisch GmbH, 8274 Buch-Geiseldorf,Oberbuch 39;x;x;;x;x;x;;;;
G;8007161;61891; Norbert Marcher GmbH, Schlachthof Graz, 8020 Graz,Lagergasse 158;x;x;x;x;x;x;;;;
FF;8007969;61884;Johann Zsifkovics GmbH & Co KG, 8280 FÅrstenfeld,Burgenlandstra·e 21;x;x;;x;x;;;;;
HB;8008086;61880; Buchberger GmbH, 8225 Pîllau,WiedengÅrtel 161;x;x;;x;x;;;;;
GB;8008272;61889;Christian Tasch, 8961 Stein an der Enns,Stein an der Enns 46;x;x;;x;x;x;x;x;;
VO;8009384;61874;Robert Gangl, 8564 Krottendorf,Krottendorf 381;x;;;x;x;x;x;;;
GU;8009953;60847;Georg Herzog, 8101 Gratkorn,Grazer Stra·e 66;x;;;x;x;x;;;;
GU;8010048;61875;Bernhard Fraiss, 8323 St. Marein bei Graz,St. Marein 110;x;x;x;x;x;x;;;;
MT;8010412;60570;Dieter Johann Klampfer, 8720 Knittelfeld,Kirchengasse 13;x;x;x;x;x;x;;;;
WZ;8010439;60185;" Arge ""Weizer FleischspezialitÑten"", 8160 Weiz,Marburgerstra·e 45";;x;x;x;x;x;;;;
MT;8011303;60942;Peter Ganster, 8740 Zeltweg,Hauptstra·e 107;x;x;;x;x;x;;;;
MT;8011761;61259;Helmut Sattler, 8753 Fohnsdorf,Judenburgerstra·e 24;x;x;;x;x;x;;;;
MT;8011770;60777;Klaus-Franz und Manfred Maier, 8742 Obdach,Hauptstra·e 26;x;;;x;x;x;;;;
LB;8011826;60586;Felix Schulter, 8410 Wildon,Unterer Markt 30;x;x;;x;x;;;;;
VO;8011842;60662;Manfred Gro·schÑdl, 8572 BÑrnbach,Hauptstra·e 12;x;;;x;x;x;x;;;
DL;8012342;60351;Rupert Mauthner, 8541 Schwanberg,Hauptplatz 20;x;x;x;x;x;x;;;;
MZ;8012369;61032; Gutschelhofer KG, 8682 Hînigsberg,Grazerstra·e 97;x;;;x;x;x;;;;
MU;8012652;60477;Reinhard MÅck, 8843 St. Peter am Kammersberg,St. Peter 113;x;;;x;x;x;;;;
LE;8012741;61882;Josef Kapaun, 8773 Kammern im Liesingtal,Pfaffendorf 7;x;x;x;x;x;x;x;x;;
LB;8012814;60398;Erich Brand, 8443 GleinstÑtten,GleinstÑtten 19;x;x;x;x;x;;;;;
LE;8012865;60802;Horst Wutti, 8714 Kraubath an der Mur,Hauptstra·e 10;x;x;x;x;x;x;;;;
GU;8013730;60787;Peter Weinberger, 8130 Frohnleiten,Brucker Stra·e 15;x;;;x;;;;;;
DL;8014141;60371;Ing. Thomas Klinger, 8522 Gro· St. Florian,Marktstra·e 11;x;x;;x;x;x;;;;
DL;8014345;60521;Werner Lais, 8552 Eibiswald,Eibiswald 40;x;x;;x;x;x;;;;
GU;8014396;60560;Anna Rinner, 8112 Gratwein,Hauptplatz 3;x;;;x;;;;;;
VO;8014451;60404;Bruno Passegger, 8582 Rosental an der Kainach,Hauptstra·e 63;x;;;x;;x;;;;
MZ;8014469;60688;Josef Schwind, 8665 Langenwang,Grazer Stra·e 11;x;;;x;x;;;;;
MZ;9566848;60832;Anna und Franz Miesebner, 8644 MÅrzhofen,Grazerstra·e 55;x;;;x;x;x;;;;
BM;C003861;61904; Wilhelm Blasko Convenience-Fertiggerichte Gmbh, 8600 Bruck an der Mur,Leobnerstra·e 78;;;x;x;x;;;;;
DL;C003917;61937; Tschiltsch Gmbh & Co KG, 8544 Pîlfing-Brunn,Hauptstra·e 96;x;x;x;;;;;;;x
GU;C003925;61961; Die Kochwerkstatt, Willi Brunner GmbH, 8063 Eggersdorf,Riesstra·e 3h;;;x;x;x;x;x;x;;
G;C003933;61985; Spar ôsterreichische Warenhandels AG, 8055 Graz,Hafnerstra·e 20;;x;x;x;x;x;;;;
HB;C003984;61986; Schirnhofer Fleischwaren Gmbh, 8224 Kaindorf bei Hartberg,Kaindorf 15;;;;x;x;x;;;;
DL;C003992;61944; Sorger Wurst- u. SchinkenspezialitÑten Gmbh, 8523 Frauental an der La·nitz,Grazer Stra·e 249;;x;x;x;x;;;;;
WZ;C004671;61956; Gassner GmbH, 8160 Weiz,Werksweg 102a;;x;x;x;;x;;;;
FB;C004697;61992; GeflÅgelhof Reicher Gesmbh, 8353 Kapfenstein,Gutendorf 15;;x;x;;;;;;;x
FB;C004701;61959;Herbert Lugitsch u. Sîhne Ges.mbh, 8330 Feldbach,Gniebing 52;;x;x;;;;;;;x
DL;C004719;61939; Draxler Gmbh, 8522 Gro· St. Florian,Marktstra·e 20;;x;;;;;;x;;
GU;C004727;61953;Johann Fedl GesmbH, 8401 Kalsdorf,Gewerbepark 8;;;;x;x;x;;;;
LI;C004735;61960; Fleischhauerei Steinmetz GmbH, 8786 Rottenmann,Hauptplatz 131;x;x;x;x;x;x;;;;
FB;C004751;61942;Johann Rauch, 8343 Trautmannsdorf,Trautmannsdorf 6;;x;x;x;x;;x;x;;
DL;C004760;61990; Kollar-Gîbl KG und Kollar Gmbh, 8530 Deutschlandsberg,Hauptplatz 10;;;x;x;x;x;x;x;;
LE;C004778;61996; Fleischveredelung Weiss Gmbh, 8700 Leoben,Waltenbachstra·e 1;;;x;x;x;x;;;;
GU;C004794;61995; Hofer KG, 8402 Werndorf,Gewerbepark 2;;;;x;x;x;;;;
HB;C004816;61954; Schirnhofer Ges.m.b.h., 8224 Kaindorf bei Hartberg,Kaindorf 298;;x;x;x;x;;;;;
HB;C004824;61940; Buchberger Gmbh & Co KG, 8225 Pîllau,WiedengÅrtel 161;;x;x;x;x;;;;;
FB;E458458;60378;August H¸Åtter, 8345 Straden,Krusdorf 12;x;x;;;;;;;;x
LB;E826333;0; Prenner Fleisch- und Wurstproduktions GmbH, 8410 Wildon,Hauptplatz 46;;x;x;x;x;;;;;
DL;E852806;61062;Gerhard Draxler, 8510 Stainz,Herbersdorf 70;;x;;;;;;x;;
MU;E906655;62283;Saiqa Pularwan, 8841 Frojach,Frojach 84a;;;;;;x;;;;
HB;F002164;62290;Thomas Ziegler, 8273 Ebersdorf,Ebersdorf 56;;;;x;x;x;x;;;
HF;2924391;60707;Eva Brunner, 8243 Pinggau,Tanzegg 19;x;x;;;x;x;x;x;;
FB;2990741;60553;Monika Frîhlich-Raaber, 8083 St. Stefan i. Rosental,Wetzelsdorf 42;x;;;;;;x;;;
;E979806;62303; KôZ meat GmbH, 8413 St. Georgen/Stiefing,Ragnitz 6;;;;x;x;x;;;;
;3453065;60510;Peter Sommerauer, 8611 St. Katharein an der Laming,Rastal 2;x;;;;;x;x;;;
